periodo,fecha_mes,concepto,energia_mwh,energia_gwh
201601,2016-01-01,COMPRA DE ENERGIA,0.0,0.0
201601,2016-01-01,CONSUMOS AUX.,828.1924412949775,0.8281924412949775
201601,2016-01-01,CONTRATOS,71818.35213999999,71.81835213999999
201601,2016-01-01,ENERGIA DISPONIBLE,97900.1151911976,97.9001151911976
201601,2016-01-01,PERDIDAS,1464.8405874137097,1.4648405874137098
201601,2016-01-01,PRODUCCION HIDRAULICA,61567.066504126335,61.56706650412634
201601,2016-01-01,PRODUCCION TERMICA,38626.08171577994,38.62608171577994
201601,2016-01-01,VENTA DE ENERGIA,97900.11519119759,97.90011519119759
201601,2016-01-01,VENTA EN COES,26081.7630511976,26.081763051197598
201602,2016-02-01,COMPRA DE ENERGIA,0.0,0.0
201602,2016-02-01,CONSUMOS AUX.,724.6875243155362,0.7246875243155362
201602,2016-02-01,CONTRATOS,69295.22472,69.29522472
201602,2016-02-01,ENERGIA DISPONIBLE,109018.29886262809,109.01829886262809
201602,2016-02-01,PERDIDAS,1505.3920759065659,1.505392075906566
201602,2016-02-01,PRODUCCION HIDRAULICA,66408.16021404759,66.40816021404758
201602,2016-02-01,PRODUCCION TERMICA,44840.218248802616,44.840218248802614
201602,2016-02-01,VENTA DE ENERGIA,109018.29886262809,109.01829886262809
201602,2016-02-01,VENTA EN COES,39723.0741426281,39.7230741426281
201603,2016-03-01,COMPRA DE ENERGIA,0.0,0.0
201603,2016-03-01,CONSUMOS AUX.,479.02384198015045,0.47902384198015047
201603,2016-03-01,CONTRATOS,70163.24368000001,70.16324368000001
201603,2016-03-01,ENERGIA DISPONIBLE,98366.6912039254,98.3666912039254
201603,2016-03-01,PERDIDAS,1484.6567324263597,1.4846567324263598
201603,2016-03-01,PRODUCCION HIDRAULICA,62199.98195433273,62.199981954332735
201603,2016-03-01,PRODUCCION TERMICA,38130.38982399918,38.13038982399918
201603,2016-03-01,VENTA DE ENERGIA,98366.6912039254,98.3666912039254
201603,2016-03-01,VENTA EN COES,28203.4475239254,28.203447523925398
201604,2016-04-01,COMPRA DE ENERGIA,0.0,0.0
201604,2016-04-01,CONSUMOS AUX.,508.5244102019992,0.5085244102019992
201604,2016-04-01,CONTRATOS,67561.81580000001,67.5618158
201604,2016-04-01,ENERGIA DISPONIBLE,102903.62919778822,102.90362919778822
201604,2016-04-01,PERDIDAS,1623.4725428078527,1.6234725428078527
201604,2016-04-01,PRODUCCION HIDRAULICA,59417.91055066532,59.41791055066532
201604,2016-04-01,PRODUCCION TERMICA,45617.715600132746,45.61771560013275
201604,2016-04-01,VENTA DE ENERGIA,102903.6291977882,102.9036291977882
201604,2016-04-01,VENTA EN COES,35341.8133977882,35.3418133977882
201605,2016-05-01,COMPRA DE ENERGIA,0.0,0.0
201605,2016-05-01,CONSUMOS AUX.,710.2633518461746,0.7102633518461746
201605,2016-05-01,CONTRATOS,68340.09007,68.34009007
201605,2016-05-01,ENERGIA DISPONIBLE,111987.23545560091,111.98723545560091
201605,2016-05-01,PERDIDAS,1659.0197152305918,1.6590197152305919
201605,2016-05-01,PRODUCCION HIDRAULICA,61089.623960136436,61.089623960136436
201605,2016-05-01,PRODUCCION TERMICA,53266.894562541245,53.266894562541246
201605,2016-05-01,VENTA DE ENERGIA,111987.23545560091,111.98723545560091
201605,2016-05-01,VENTA EN COES,43647.1453856009,43.6471453856009
201606,2016-06-01,COMPRA DE ENERGIA,0.0,0.0
201606,2016-06-01,CONSUMOS AUX.,793.18930731004,0.79318930731004
201606,2016-06-01,CONTRATOS,65055.877919999984,65.05587791999999
201606,2016-06-01,ENERGIA DISPONIBLE,108588.17088037959,108.5881708803796
201606,2016-06-01,PERDIDAS,1533.838217292243,1.533838217292243
201606,2016-06-01,PRODUCCION HIDRAULICA,59430.5117447059,59.4305117447059
201606,2016-06-01,PRODUCCION TERMICA,51484.68666027597,51.48468666027597
201606,2016-06-01,VENTA DE ENERGIA,108588.17088037958,108.58817088037958
201606,2016-06-01,VENTA EN COES,43532.2929603796,43.5322929603796
201607,2016-07-01,COMPRA DE ENERGIA,0.0,0.0
201607,2016-07-01,CONSUMOS AUX.,808.2600291375198,0.8082600291375198
201607,2016-07-01,CONTRATOS,66227.81972,66.22781972
201607,2016-07-01,ENERGIA DISPONIBLE,112480.45374629031,112.48045374629031
201607,2016-07-01,PERDIDAS,1521.3792230415274,1.5213792230415275
201607,2016-07-01,PRODUCCION HIDRAULICA,61383.13336806186,61.38313336806186
201607,2016-07-01,PRODUCCION TERMICA,53426.95963040748,53.42695963040748
201607,2016-07-01,VENTA DE ENERGIA,112480.4537462903,112.4804537462903
201607,2016-07-01,VENTA EN COES,46252.6340262903,46.2526340262903
201608,2016-08-01,COMPRA DE ENERGIA,0.0,0.0
201608,2016-08-01,CONSUMOS AUX.,958.305765844899,0.958305765844899
201608,2016-08-01,CONTRATOS,67851.60757999998,67.85160757999998
201608,2016-08-01,ENERGIA DISPONIBLE,116858.70760029957,116.85870760029958
201608,2016-08-01,PERDIDAS,1779.6094519563776,1.7796094519563777
201608,2016-08-01,PRODUCCION HIDRAULICA,61280.80728440879,61.28080728440879
201608,2016-08-01,PRODUCCION TERMICA,58315.81553369206,58.31581553369206
201608,2016-08-01,VENTA DE ENERGIA,116858.70760029957,116.85870760029958
201608,2016-08-01,VENTA EN COES,49007.1000202996,49.0071000202996
201609,2016-09-01,COMPRA DE ENERGIA,0.0,0.0
201609,2016-09-01,CONSUMOS AUX.,855.082455631428,0.855082455631428
201609,2016-09-01,CONTRATOS,65982.05503999999,65.98205503999999
201609,2016-09-01,ENERGIA DISPONIBLE,113088.4416266145,113.0884416266145
201609,2016-09-01,PERDIDAS,1604.8303412614623,1.6048303412614624
201609,2016-09-01,PRODUCCION HIDRAULICA,64747.47985734808,64.74747985734808
201609,2016-09-01,PRODUCCION TERMICA,50800.874566159306,50.80087456615931
201609,2016-09-01,VENTA DE ENERGIA,113088.4416266145,113.0884416266145
201609,2016-09-01,VENTA EN COES,47106.3865866145,47.1063865866145
201610,2016-10-01,COMPRA DE ENERGIA,0.0,0.0
201610,2016-10-01,CONSUMOS AUX.,631.1024359095047,0.6311024359095048
201610,2016-10-01,CONTRATOS,66442.52724,66.44252723999999
201610,2016-10-01,ENERGIA DISPONIBLE,118942.73054277008,118.94273054277008
201610,2016-10-01,PERDIDAS,1630.8721632217785,1.6308721632217784
201610,2016-10-01,PRODUCCION HIDRAULICA,66867.79769401693,66.86779769401693
201610,2016-10-01,PRODUCCION TERMICA,54336.90744788445,54.33690744788445
201610,2016-10-01,VENTA DE ENERGIA,118942.73054277009,118.9427305427701
201610,2016-10-01,VENTA EN COES,52500.2033027701,52.5002033027701
201611,2016-11-01,COMPRA DE ENERGIA,0.0,0.0
201611,2016-11-01,CONSUMOS AUX.,936.6912530651205,0.9366912530651205
201611,2016-11-01,CONTRATOS,64653.35645000001,64.65335645
201611,2016-11-01,ENERGIA DISPONIBLE,118206.9575444653,118.2069575444653
201611,2016-11-01,PERDIDAS,1648.4229257259722,1.6484229257259722
201611,2016-11-01,PRODUCCION HIDRAULICA,64071.13415526345,64.07113415526345
201611,2016-11-01,PRODUCCION TERMICA,56720.937567992936,56.720937567992934
201611,2016-11-01,VENTA DE ENERGIA,118206.9575444653,118.2069575444653
201611,2016-11-01,VENTA EN COES,53553.6010944653,53.5536010944653
201612,2016-12-01,COMPRA DE ENERGIA,0.0,0.0
201612,2016-12-01,CONSUMOS AUX.,647.6707710155033,0.6476707710155033
201612,2016-12-01,CONTRATOS,67880.37388,67.88037388
201612,2016-12-01,ENERGIA DISPONIBLE,109408.05320213921,109.40805320213921
201612,2016-12-01,PERDIDAS,1541.1865300454665,1.5411865300454666
201612,2016-12-01,PRODUCCION HIDRAULICA,64030.3302631302,64.0303302631302
201612,2016-12-01,PRODUCCION TERMICA,47566.580240069976,47.566580240069975
201612,2016-12-01,VENTA DE ENERGIA,109408.0532021392,109.4080532021392
201612,2016-12-01,VENTA EN COES,41527.6793221392,41.5276793221392
201701,2017-01-01,COMPRA DE ENERGIA,0.0,0.0
201701,2017-01-01,CONSUMOS AUX.,577.7715260018027,0.5777715260018027
201701,2017-01-01,CONTRATOS,67735.59313000001,67.73559313000001
201701,2017-01-01,ENERGIA DISPONIBLE,97008.2505430445,97.0082505430445
201701,2017-01-01,PERDIDAS,1440.4882356318412,1.4404882356318411
201701,2017-01-01,PRODUCCION HIDRAULICA,61142.28291957409,61.14228291957409
201701,2017-01-01,PRODUCCION TERMICA,37884.22738510405,37.884227385104055
201701,2017-01-01,VENTA DE ENERGIA,97008.25054304452,97.00825054304451
201701,2017-01-01,VENTA EN COES,29272.6574130445,29.272657413044502
201702,2017-02-01,COMPRA DE ENERGIA,0.0,0.0
201702,2017-02-01,CONSUMOS AUX.,749.3338406228734,0.7493338406228733
201702,2017-02-01,CONTRATOS,64516.52591000001,64.51652591000001
201702,2017-02-01,ENERGIA DISPONIBLE,84005.7761719816,84.00577617198161
201702,2017-02-01,PERDIDAS,1197.3389317031542,1.1973389317031542
201702,2017-02-01,PRODUCCION HIDRAULICA,54484.40946232058,54.484409462320585
201702,2017-02-01,PRODUCCION TERMICA,31468.039481987045,31.468039481987045
201702,2017-02-01,VENTA DE ENERGIA,84005.7761719816,84.00577617198161
201702,2017-02-01,VENTA EN COES,19489.2502619816,19.4892502619816
201703,2017-03-01,COMPRA DE ENERGIA,0.0,0.0
201703,2017-03-01,CONSUMOS AUX.,714.0856935263171,0.7140856935263171
201703,2017-03-01,CONTRATOS,70607.22305999999,70.60722306
201703,2017-03-01,ENERGIA DISPONIBLE,93319.0817132921,93.31908171329209
201703,2017-03-01,PERDIDAS,1283.2811485344137,1.2832811485344136
201703,2017-03-01,PRODUCCION HIDRAULICA,56983.02802582816,56.983028025828155
201703,2017-03-01,PRODUCCION TERMICA,38333.420529524665,38.333420529524666
201703,2017-03-01,VENTA DE ENERGIA,93319.0817132921,93.31908171329209
201703,2017-03-01,VENTA EN COES,22711.8586532921,22.7118586532921
201704,2017-04-01,COMPRA DE ENERGIA,0.0,0.0
201704,2017-04-01,CONSUMOS AUX.,463.39151799325145,0.46339151799325146
201704,2017-04-01,CONTRATOS,65403.53902000001,65.40353902000001
201704,2017-04-01,ENERGIA DISPONIBLE,112378.47096785331,112.37847096785332
201704,2017-04-01,PERDIDAS,1429.5567051323742,1.429556705132374
201704,2017-04-01,PRODUCCION HIDRAULICA,84982.78471957606,84.98278471957606
201704,2017-04-01,PRODUCCION TERMICA,29288.63447140287,29.288634471402872
201704,2017-04-01,VENTA DE ENERGIA,112378.4709678533,112.3784709678533
201704,2017-04-01,VENTA EN COES,46974.9319478533,46.9749319478533
201705,2017-05-01,COMPRA DE ENERGIA,0.0,0.0
201705,2017-05-01,CONSUMOS AUX.,1153.8461275609948,1.1538461275609948
201705,2017-05-01,CONTRATOS,66350.14935,66.35014935000001
201705,2017-05-01,ENERGIA DISPONIBLE,119753.7173763681,119.7537173763681
201705,2017-05-01,PERDIDAS,1602.683036178103,1.602683036178103
201705,2017-05-01,PRODUCCION HIDRAULICA,67209.27212536118,67.20927212536118
201705,2017-05-01,PRODUCCION TERMICA,55300.974414746015,55.300974414746015
201705,2017-05-01,VENTA DE ENERGIA,119753.71737636812,119.75371737636812
201705,2017-05-01,VENTA EN COES,53403.5680263681,53.4035680263681
201706,2017-06-01,COMPRA DE ENERGIA,0.0,0.0
201706,2017-06-01,CONSUMOS AUX.,883.0609241218397,0.8830609241218397
201706,2017-06-01,CONTRATOS,62814.706139999995,62.81470613999999
201706,2017-06-01,ENERGIA DISPONIBLE,118709.84757580158,118.70984757580159
201706,2017-06-01,PERDIDAS,1525.2077408526384,1.5252077408526383
201706,2017-06-01,PRODUCCION HIDRAULICA,64853.16424927073,64.85316424927073
201706,2017-06-01,PRODUCCION TERMICA,56264.951991505324,56.26495199150533
201706,2017-06-01,VENTA DE ENERGIA,118709.84757580158,118.70984757580159
201706,2017-06-01,VENTA EN COES,55895.1414358016,55.8951414358016
201707,2017-07-01,COMPRA DE ENERGIA,0.0,0.0
201707,2017-07-01,CONSUMOS AUX.,989.6058317232869,0.9896058317232869
201707,2017-07-01,CONTRATOS,63450.06134,63.45006134
201707,2017-07-01,ENERGIA DISPONIBLE,130591.7109573975,130.5917109573975
201707,2017-07-01,PERDIDAS,1596.7170172958286,1.5967170172958285
201707,2017-07-01,PRODUCCION HIDRAULICA,72398.66250361902,72.39866250361902
201707,2017-07-01,PRODUCCION TERMICA,60779.371302797575,60.77937130279758
201707,2017-07-01,VENTA DE ENERGIA,130591.7109573975,130.5917109573975
201707,2017-07-01,VENTA EN COES,67141.6496173975,67.1416496173975
201708,2017-08-01,COMPRA DE ENERGIA,0.0,0.0
201708,2017-08-01,CONSUMOS AUX.,1090.7571940586708,1.0907571940586709
201708,2017-08-01,CONTRATOS,64529.37512000001,64.52937512000001
201708,2017-08-01,ENERGIA DISPONIBLE,130050.8219038381,130.0508219038381
201708,2017-08-01,PERDIDAS,1477.370722413907,1.477370722413907
201708,2017-08-01,PRODUCCION HIDRAULICA,72470.24342262774,72.47024342262775
201708,2017-08-01,PRODUCCION TERMICA,60148.706397682945,60.14870639768294
201708,2017-08-01,VENTA DE ENERGIA,130050.8219038381,130.0508219038381
201708,2017-08-01,VENTA EN COES,65521.4467838381,65.5214467838381
201709,2017-09-01,COMPRA DE ENERGIA,0.0,0.0
201709,2017-09-01,CONSUMOS AUX.,850.0679129705022,0.8500679129705022
201709,2017-09-01,CONTRATOS,63034.09342,63.03409342
201709,2017-09-01,ENERGIA DISPONIBLE,117921.01938710979,117.9210193871098
201709,2017-09-01,PERDIDAS,1614.1551405001665,1.6141551405001664
201709,2017-09-01,PRODUCCION HIDRAULICA,75486.53944423138,75.48653944423138
201709,2017-09-01,PRODUCCION TERMICA,44898.70299634908,44.89870299634908
201709,2017-09-01,VENTA DE ENERGIA,117921.01938710979,117.9210193871098
201709,2017-09-01,VENTA EN COES,54886.9259671098,54.886925967109796
201710,2017-10-01,COMPRA DE ENERGIA,0.0,0.0
201710,2017-10-01,CONSUMOS AUX.,655.5174091830373,0.6555174091830374
201710,2017-10-01,CONTRATOS,63773.63086999999,63.77363086999999
201710,2017-10-01,ENERGIA DISPONIBLE,128178.74288804882,128.17874288804882
201710,2017-10-01,PERDIDAS,1467.3487134771567,1.4673487134771568
201710,2017-10-01,PRODUCCION HIDRAULICA,78173.62378135766,78.17362378135766
201710,2017-10-01,PRODUCCION TERMICA,52127.98522935134,52.12798522935134
201710,2017-10-01,VENTA DE ENERGIA,128178.74288804879,128.1787428880488
201710,2017-10-01,VENTA EN COES,64405.1120180488,64.4051120180488
201711,2017-11-01,COMPRA DE ENERGIA,0.0,0.0
201711,2017-11-01,CONSUMOS AUX.,503.16068898342,0.50316068898342
201711,2017-11-01,CONTRATOS,61538.71139,61.538711389999996
201711,2017-11-01,ENERGIA DISPONIBLE,120987.50139,120.98750139
201711,2017-11-01,PERDIDAS,1373.6507807172602,1.3736507807172602
201711,2017-11-01,PRODUCCION HIDRAULICA,75053.46706970749,75.0534670697075
201711,2017-11-01,PRODUCCION TERMICA,47810.84578999318,47.81084578999318
201711,2017-11-01,VENTA DE ENERGIA,120987.50139,120.98750139
201711,2017-11-01,VENTA EN COES,59448.79,59.44879
201712,2017-12-01,COMPRA DE ENERGIA,0.0,0.0
201712,2017-12-01,CONSUMOS AUX.,496.19404341287355,0.49619404341287354
201712,2017-12-01,CONTRATOS,63296.63317,63.29663317
201712,2017-12-01,ENERGIA DISPONIBLE,125920.8048311258,125.9208048311258
201712,2017-12-01,PERDIDAS,1162.816367113046,1.162816367113046
201712,2017-12-01,PRODUCCION HIDRAULICA,78157.32074491712,78.15732074491712
201712,2017-12-01,PRODUCCION TERMICA,49422.49449673462,49.422494496734615
201712,2017-12-01,VENTA DE ENERGIA,125920.80483112579,125.92080483112579
201712,2017-12-01,VENTA EN COES,62624.1716611258,62.6241716611258
201801,2018-01-01,COMPRA DE ENERGIA,0.0,0.0
201801,2018-01-01,CONSUMOS AUX.,425.41875159954196,0.42541875159954196
201801,2018-01-01,CONTRATOS,56358.51015,56.35851015
201801,2018-01-01,ENERGIA DISPONIBLE,114658.84616911263,114.65884616911262
201801,2018-01-01,PERDIDAS,1506.075194261648,1.506075194261648
201801,2018-01-01,PRODUCCION HIDRAULICA,89076.6054710862,89.0766054710862
201801,2018-01-01,PRODUCCION TERMICA,27513.734643887612,27.513734643887613
201801,2018-01-01,VENTA DE ENERGIA,114658.84616911263,114.65884616911262
201801,2018-01-01,VENTA EN COES,58300.33601911261,58.30033601911261
201802,2018-02-01,COMPRA DE ENERGIA,0.0,0.0
201802,2018-02-01,CONSUMOS AUX.,392.1048405559568,0.3921048405559568
201802,2018-02-01,CONTRATOS,53587.74949999999,53.587749499999994
201802,2018-02-01,ENERGIA DISPONIBLE,101031.13160959429,101.03113160959428
201802,2018-02-01,PERDIDAS,1316.0620490569563,1.3160620490569563
201802,2018-02-01,PRODUCCION HIDRAULICA,91831.45220726957,91.83145220726956
201802,2018-02-01,PRODUCCION TERMICA,10907.846291937627,10.907846291937627
201802,2018-02-01,VENTA DE ENERGIA,101031.1316095943,101.0311316095943
201802,2018-02-01,VENTA EN COES,47443.3821095943,47.443382109594296
201803,2018-03-01,COMPRA DE ENERGIA,0.0,0.0
201803,2018-03-01,CONSUMOS AUX.,367.902341760994,0.36790234176099396
201803,2018-03-01,CONTRATOS,57366.246520000015,57.36624652000002
201803,2018-03-01,ENERGIA DISPONIBLE,113242.0812273953,113.2420812273953
201803,2018-03-01,PERDIDAS,1501.3847624637128,1.5013847624637129
201803,2018-03-01,PRODUCCION HIDRAULICA,108580.26092508776,108.58026092508776
201803,2018-03-01,PRODUCCION TERMICA,6531.107406532258,6.531107406532258
201803,2018-03-01,VENTA DE ENERGIA,113242.08122739532,113.24208122739532
201803,2018-03-01,VENTA EN COES,55875.8347073953,55.8758347073953
201804,2018-04-01,COMPRA DE ENERGIA,0.0,0.0
201804,2018-04-01,CONSUMOS AUX.,330.86296204615644,0.33086296204615645
201804,2018-04-01,CONTRATOS,56580.926790000005,56.58092679000001
201804,2018-04-01,ENERGIA DISPONIBLE,84886.427642963,84.886427642963
201804,2018-04-01,PERDIDAS,1229.4982440929452,1.2294982440929452
201804,2018-04-01,PRODUCCION HIDRAULICA,82397.80931302127,82.39780931302127
201804,2018-04-01,PRODUCCION TERMICA,4048.9795360808384,4.0489795360808385
201804,2018-04-01,VENTA DE ENERGIA,84886.42764296301,84.88642764296301
201804,2018-04-01,VENTA EN COES,28305.500852963,28.305500852963
201805,2018-05-01,COMPRA DE ENERGIA,0.0,0.0
201805,2018-05-01,CONSUMOS AUX.,332.21454926909,0.33221454926909
201805,2018-05-01,CONTRATOS,56420.910950000005,56.42091095000001
201805,2018-05-01,ENERGIA DISPONIBLE,72374.6300474613,72.3746300474613
201805,2018-05-01,PERDIDAS,1113.3409078462428,1.1133409078462428
201805,2018-05-01,PRODUCCION HIDRAULICA,67084.67838177184,67.08467838177184
201805,2018-05-01,PRODUCCION TERMICA,6735.507122804791,6.735507122804791
201805,2018-05-01,VENTA DE ENERGIA,72374.63004746131,72.37463004746131
201805,2018-05-01,VENTA EN COES,15953.7190974613,15.9537190974613
201806,2018-06-01,COMPRA DE ENERGIA,0.0,0.0
201806,2018-06-01,CONSUMOS AUX.,497.073958919471,0.49707395891947104
201806,2018-06-01,CONTRATOS,53905.991059999986,53.905991059999984
201806,2018-06-01,ENERGIA DISPONIBLE,69607.5235806144,69.6075235806144
201806,2018-06-01,PERDIDAS,876.0261903366336,0.8760261903366335
201806,2018-06-01,PRODUCCION HIDRAULICA,67034.98754010648,67.03498754010648
201806,2018-06-01,PRODUCCION TERMICA,3945.6361897640227,3.9456361897640226
201806,2018-06-01,VENTA DE ENERGIA,69607.52358061439,69.60752358061438
201806,2018-06-01,VENTA EN COES,15701.5325206144,15.7015325206144
201807,2018-07-01,COMPRA DE ENERGIA,4111.8636101969005,4.111863610196901
201807,2018-07-01,CONSUMOS AUX.,461.6601876705534,0.4616601876705534
201807,2018-07-01,CONTRATOS,55185.96461000002,55.18596461000002
201807,2018-07-01,ENERGIA DISPONIBLE,78457.46154304202,78.45746154304203
201807,2018-07-01,PERDIDAS,916.3148709651432,0.9163148709651432
201807,2018-07-01,PRODUCCION HIDRAULICA,74143.98769379227,74.14398769379227
201807,2018-07-01,PRODUCCION TERMICA,1579.5852976885576,1.5795852976885576
201807,2018-07-01,VENTA DE ENERGIA,78457.46154304201,78.45746154304202
201807,2018-07-01,VENTA EN COES,23271.496933042,23.271496933042
201808,2018-08-01,COMPRA DE ENERGIA,1905.4540713962,1.9054540713962
201808,2018-08-01,CONSUMOS AUX.,319.3497207225099,0.3193497207225099
201808,2018-08-01,CONTRATOS,55209.33846,55.20933846
201808,2018-08-01,ENERGIA DISPONIBLE,75776.31641703959,75.7763164170396
201808,2018-08-01,PERDIDAS,1006.1535060519964,1.0061535060519964
201808,2018-08-01,PRODUCCION HIDRAULICA,73728.60847064464,73.72860847064464
201808,2018-08-01,PRODUCCION TERMICA,1467.7571017732648,1.467757101773265
201808,2018-08-01,VENTA DE ENERGIA,75776.31641703959,75.7763164170396
201808,2018-08-01,VENTA EN COES,20566.9779570396,20.566977957039597
201809,2018-09-01,COMPRA DE ENERGIA,0.0,0.0
201809,2018-09-01,CONSUMOS AUX.,302.3237872255632,0.3023237872255632
201809,2018-09-01,CONTRATOS,53711.6054,53.7116054
201809,2018-09-01,ENERGIA DISPONIBLE,69569.6873310661,69.5696873310661
201809,2018-09-01,PERDIDAS,939.7571848422376,0.9397571848422376
201809,2018-09-01,PRODUCCION HIDRAULICA,70018.54223898628,70.01854223898629
201809,2018-09-01,PRODUCCION TERMICA,793.2260641476178,0.7932260641476178
201809,2018-09-01,VENTA DE ENERGIA,69569.6873310661,69.5696873310661
201809,2018-09-01,VENTA EN COES,15858.0819310661,15.858081931066101
201810,2018-10-01,COMPRA DE ENERGIA,1662.0305691945,1.6620305691945
201810,2018-10-01,CONSUMOS AUX.,311.4507450413822,0.3114507450413822
201810,2018-10-01,CONTRATOS,54892.71757,54.89271757
201810,2018-10-01,ENERGIA DISPONIBLE,80418.9809835528,80.4189809835528
201810,2018-10-01,PERDIDAS,1054.08453297682,1.0540845329768198
201810,2018-10-01,PRODUCCION HIDRAULICA,78763.008259739,78.763008259739
201810,2018-10-01,PRODUCCION TERMICA,1359.4774326375104,1.3594774326375105
201810,2018-10-01,VENTA DE ENERGIA,80418.9809835528,80.4189809835528
201810,2018-10-01,VENTA EN COES,25526.2634135528,25.526263413552797
201811,2018-11-01,COMPRA DE ENERGIA,0.0,0.0
201811,2018-11-01,CONSUMOS AUX.,329.9167600696221,0.3299167600696221
201811,2018-11-01,CONTRATOS,54544.670040000005,54.54467004000001
201811,2018-11-01,ENERGIA DISPONIBLE,81550.26129767671,81.55026129767671
201811,2018-11-01,PERDIDAS,1080.0646935081604,1.0800646935081604
201811,2018-11-01,PRODUCCION HIDRAULICA,74636.3349403163,74.6363349403163
201811,2018-11-01,PRODUCCION TERMICA,8323.9078109382,8.3239078109382
201811,2018-11-01,VENTA DE ENERGIA,81550.26129767671,81.55026129767671
201811,2018-11-01,VENTA EN COES,27005.5912576767,27.005591257676702
201812,2018-12-01,COMPRA DE ENERGIA,0.0,0.0
201812,2018-12-01,CONSUMOS AUX.,321.19503839440415,0.32119503839440416
201812,2018-12-01,CONTRATOS,57502.03559,57.50203559
201812,2018-12-01,ENERGIA DISPONIBLE,89542.7781326087,89.5427781326087
201812,2018-12-01,PERDIDAS,1217.0337656934134,1.2170337656934134
201812,2018-12-01,PRODUCCION HIDRAULICA,78264.53088922404,78.26453088922405
201812,2018-12-01,PRODUCCION TERMICA,12816.47604747248,12.81647604747248
201812,2018-12-01,VENTA DE ENERGIA,89542.7781326087,89.5427781326087
201812,2018-12-01,VENTA EN COES,32040.742542608696,32.0407425426087
201901,2019-01-01,COMPRA DE ENERGIA,0.0,0.0
201901,2019-01-01,CONSUMOS AUX.,288.12783552501514,0.28812783552501514
201901,2019-01-01,CONTRATOS,65203.96486,65.20396486
201901,2019-01-01,ENERGIA DISPONIBLE,83107.49775990708,83.10749775990709
201901,2019-01-01,PERDIDAS,1158.9719178077503,1.1589719178077502
201901,2019-01-01,PRODUCCION HIDRAULICA,74934.1881660913,74.9341881660913
201901,2019-01-01,PRODUCCION TERMICA,9620.409347148548,9.620409347148549
201901,2019-01-01,VENTA DE ENERGIA,83107.4977599071,83.1074977599071
201901,2019-01-01,VENTA EN COES,17903.532899907106,17.903532899907106
201902,2019-02-01,COMPRA DE ENERGIA,0.0,0.0
201902,2019-02-01,CONSUMOS AUX.,292.5777869344505,0.2925777869344505
201902,2019-02-01,CONTRATOS,60790.69144999999,60.79069144999999
201902,2019-02-01,ENERGIA DISPONIBLE,108178.46965307489,108.1784696530749
201902,2019-02-01,PERDIDAS,1116.8605078630499,1.1168605078630498
201902,2019-02-01,PRODUCCION HIDRAULICA,97541.91321699362,97.54191321699362
201902,2019-02-01,PRODUCCION TERMICA,12045.99473087877,12.045994730878771
201902,2019-02-01,VENTA DE ENERGIA,108178.46965307489,108.1784696530749
201902,2019-02-01,VENTA EN COES,47387.7782030749,47.3877782030749
201903,2019-03-01,COMPRA DE ENERGIA,0.0,0.0
201903,2019-03-01,CONSUMOS AUX.,285.9308775265115,0.2859308775265115
201903,2019-03-01,CONTRATOS,65121.62588000001,65.12162588000001
201903,2019-03-01,ENERGIA DISPONIBLE,115757.9606488909,115.7579606488909
201903,2019-03-01,PERDIDAS,1546.8165857095737,1.5468165857095737
201903,2019-03-01,PRODUCCION HIDRAULICA,108165.2353285834,108.16523532858339
201903,2019-03-01,PRODUCCION TERMICA,9425.472783543602,9.425472783543603
201903,2019-03-01,VENTA DE ENERGIA,115757.96064889092,115.75796064889091
201903,2019-03-01,VENTA EN COES,50636.334768890905,50.636334768890904
201904,2019-04-01,COMPRA DE ENERGIA,0.0,0.0
201904,2019-04-01,CONSUMOS AUX.,315.7665702417175,0.3157665702417175
201904,2019-04-01,CONTRATOS,60225.15779999999,60.22515779999999
201904,2019-04-01,ENERGIA DISPONIBLE,88501.27087736448,88.50127087736449
201904,2019-04-01,PERDIDAS,1283.4079974594497,1.2834079974594497
201904,2019-04-01,PRODUCCION HIDRAULICA,90073.52609821327,90.07352609821328
201904,2019-04-01,PRODUCCION TERMICA,26.919346852381846,0.026919346852381846
201904,2019-04-01,VENTA DE ENERGIA,88501.2708773645,88.5012708773645
201904,2019-04-01,VENTA EN COES,28276.113077364505,28.276113077364506
201905,2019-05-01,COMPRA DE ENERGIA,0.0,0.0
201905,2019-05-01,CONSUMOS AUX.,289.84,0.28984
201905,2019-05-01,CONTRATOS,60388.45940999998,60.38845940999998
201905,2019-05-01,ENERGIA DISPONIBLE,69738.49075048938,69.73849075048938
201905,2019-05-01,PERDIDAS,1135.0445239583787,1.1350445239583786
201905,2019-05-01,PRODUCCION HIDRAULICA,71143.13509479078,71.14313509479078
201905,2019-05-01,PRODUCCION TERMICA,20.240179656982423,0.020240179656982424
201905,2019-05-01,VENTA DE ENERGIA,69738.49075048938,69.73849075048938
201905,2019-05-01,VENTA EN COES,9350.031340489397,9.350031340489396
201906,2019-06-01,COMPRA DE ENERGIA,0.0,0.0
201906,2019-06-01,CONSUMOS AUX.,295.7338832272282,0.2957338832272282
201906,2019-06-01,CONTRATOS,56627.50558,56.62750558
201906,2019-06-01,ENERGIA DISPONIBLE,68426.04053322227,68.42604053322228
201906,2019-06-01,PERDIDAS,1090.2527117444843,1.0902527117444842
201906,2019-06-01,PRODUCCION HIDRAULICA,69785.81330757632,69.78581330757632
201906,2019-06-01,PRODUCCION TERMICA,26.213820617675783,0.026213820617675784
201906,2019-06-01,VENTA DE ENERGIA,68426.04053322229,68.42604053322229
201906,2019-06-01,VENTA EN COES,11798.53495322229,11.79853495322229
201907,2019-07-01,COMPRA DE ENERGIA,0.0,0.0
201907,2019-07-01,CONSUMOS AUX.,300.3643572331587,0.30036435723315874
201907,2019-07-01,CONTRATOS,57686.37122,57.68637122
201907,2019-07-01,ENERGIA DISPONIBLE,69803.348670755,69.803348670755
201907,2019-07-01,PERDIDAS,1116.953775247166,1.116953775247166
201907,2019-07-01,PRODUCCION HIDRAULICA,71183.25329787795,71.18325329787795
201907,2019-07-01,PRODUCCION TERMICA,37.41350535738468,0.03741350535738468
201907,2019-07-01,VENTA DE ENERGIA,69803.348670755,69.803348670755
201907,2019-07-01,VENTA EN COES,12116.977450755003,12.116977450755003
201908,2019-08-01,COMPRA DE ENERGIA,0.0,0.0
201908,2019-08-01,CONSUMOS AUX.,307.2658886457402,0.30726588864574017
201908,2019-08-01,CONTRATOS,57886.979040000006,57.88697904000001
201908,2019-08-01,ENERGIA DISPONIBLE,71496.70601236781,71.49670601236781
201908,2019-08-01,PERDIDAS,1120.1630663613469,1.1201630663613469
201908,2019-08-01,PRODUCCION HIDRAULICA,72913.25180564812,72.91325180564812
201908,2019-08-01,PRODUCCION TERMICA,10.883161726774764,0.010883161726774764
201908,2019-08-01,VENTA DE ENERGIA,71496.70601236781,71.49670601236781
201908,2019-08-01,VENTA EN COES,13609.726972367804,13.609726972367804
201909,2019-09-01,COMPRA DE ENERGIA,0.0,0.0
201909,2019-09-01,CONSUMOS AUX.,308.84187396920476,0.30884187396920476
201909,2019-09-01,CONTRATOS,56928.67589,56.92867589
201909,2019-09-01,ENERGIA DISPONIBLE,69489.3698705471,69.48936987054711
201909,2019-09-01,PERDIDAS,1109.655092253859,1.109655092253859
201909,2019-09-01,PRODUCCION HIDRAULICA,70558.25380251306,70.55825380251306
201909,2019-09-01,PRODUCCION TERMICA,349.6130342570973,0.3496130342570973
201909,2019-09-01,VENTA DE ENERGIA,69489.3698705471,69.48936987054711
201909,2019-09-01,VENTA EN COES,12560.693980547105,12.560693980547105
201910,2019-10-01,COMPRA DE ENERGIA,0.0,0.0
201910,2019-10-01,CONSUMOS AUX.,306.5100096135388,0.3065100096135388
201910,2019-10-01,CONTRATOS,58974.33093999999,58.974330939999994
201910,2019-10-01,ENERGIA DISPONIBLE,77323.7391244626,77.3237391244626
201910,2019-10-01,PERDIDAS,1276.7589587146213,1.2767589587146213
201910,2019-10-01,PRODUCCION HIDRAULICA,78874.5419267268,78.8745419267268
201910,2019-10-01,PRODUCCION TERMICA,32.46616606395681,0.03246616606395681
201910,2019-10-01,VENTA DE ENERGIA,77323.73912446259,77.32373912446259
201910,2019-10-01,VENTA EN COES,18349.408184462598,18.349408184462597
201911,2019-11-01,COMPRA DE ENERGIA,0.0,0.0
201911,2019-11-01,CONSUMOS AUX.,295.40711824390536,0.29540711824390536
201911,2019-11-01,CONTRATOS,58279.08527000002,58.27908527000002
201911,2019-11-01,ENERGIA DISPONIBLE,79497.39215618823,79.49739215618823
201911,2019-11-01,PERDIDAS,1277.2826580067194,1.2772826580067194
201911,2019-11-01,PRODUCCION HIDRAULICA,81026.36145042896,81.02636145042896
201911,2019-11-01,PRODUCCION TERMICA,43.7204820098877,0.0437204820098877
201911,2019-11-01,VENTA DE ENERGIA,79497.39215618822,79.49739215618821
201911,2019-11-01,VENTA EN COES,21218.3068861882,21.2183068861882
201912,2019-12-01,COMPRA DE ENERGIA,0.0,0.0
201912,2019-12-01,CONSUMOS AUX.,310.9310669467372,0.31093106694673717
201912,2019-12-01,CONTRATOS,60995.07231,60.995072310000005
201912,2019-12-01,ENERGIA DISPONIBLE,73593.9339979365,73.5939339979365
201912,2019-12-01,PERDIDAS,1237.8036154744332,1.2378036154744332
201912,2019-12-01,PRODUCCION HIDRAULICA,75028.63557604013,75.02863557604013
201912,2019-12-01,PRODUCCION TERMICA,114.03310431754522,0.11403310431754522
201912,2019-12-01,VENTA DE ENERGIA,73593.9339979365,73.5939339979365
201912,2019-12-01,VENTA EN COES,12598.8616879365,12.5988616879365
202001,2020-01-01,COMPRA DE ENERGIA,0.0,0.0
202001,2020-01-01,CONSUMOS AUX.,322.8155273962952,0.32281552739629515
202001,2020-01-01,CONTRATOS,62740.84278,62.74084278
202001,2020-01-01,ENERGIA DISPONIBLE,91133.25124531586,91.13325124531586
202001,2020-01-01,PERDIDAS,1401.7099359159329,1.4017099359159328
202001,2020-01-01,PRODUCCION HIDRAULICA,92836.62534533105,92.83662534533104
202001,2020-01-01,PRODUCCION TERMICA,21.15136329704788,0.02115136329704788
202001,2020-01-01,VENTA DE ENERGIA,91133.25124531587,91.13325124531588
202001,2020-01-01,VENTA EN COES,28392.40846531587,28.39240846531587
202002,2020-02-01,COMPRA DE ENERGIA,0.0,0.0
202002,2020-02-01,CONSUMOS AUX.,315.22511432633627,0.31522511432633626
202002,2020-02-01,CONTRATOS,61101.16689999999,61.10116689999999
202002,2020-02-01,ENERGIA DISPONIBLE,100756.8591195953,100.7568591195953
202002,2020-02-01,PERDIDAS,1412.0107345494616,1.4120107345494617
202002,2020-02-01,PRODUCCION HIDRAULICA,102442.21549509146,102.44221549509146
202002,2020-02-01,PRODUCCION TERMICA,41.87947337964509,0.041879473379645094
202002,2020-02-01,VENTA DE ENERGIA,100756.85911959529,100.75685911959529
202002,2020-02-01,VENTA EN COES,39655.6922195953,39.6556922195953
202003,2020-03-01,COMPRA DE ENERGIA,0.0,0.0
202003,2020-03-01,CONSUMOS AUX.,352.6448727936468,0.3526448727936468
202003,2020-03-01,CONTRATOS,58042.669630000004,58.042669630000006
202003,2020-03-01,ENERGIA DISPONIBLE,124725.09946607542,124.72509946607542
202003,2020-03-01,PERDIDAS,1702.1900930682168,1.7021900930682168
202003,2020-03-01,PRODUCCION HIDRAULICA,126778.99591645628,126.77899591645628
202003,2020-03-01,PRODUCCION TERMICA,0.9385154809951781,0.0009385154809951782
202003,2020-03-01,VENTA DE ENERGIA,124725.09946607541,124.7250994660754
202003,2020-03-01,VENTA EN COES,66682.4298360754,66.6824298360754
202004,2020-04-01,COMPRA DE ENERGIA,0.0,0.0
202004,2020-04-01,CONSUMOS AUX.,317.2917138129573,0.3172917138129573
202004,2020-04-01,CONTRATOS,47671.77954,47.67177954
202004,2020-04-01,ENERGIA DISPONIBLE,103081.86964628298,103.08186964628298
202004,2020-04-01,PERDIDAS,1476.0584790295834,1.4760584790295834
202004,2020-04-01,PRODUCCION HIDRAULICA,104873.40520075883,104.87340520075884
202004,2020-04-01,PRODUCCION TERMICA,1.814638366699219,0.0018146383666992189
202004,2020-04-01,VENTA DE ENERGIA,103081.869646283,103.081869646283
202004,2020-04-01,VENTA EN COES,55410.090106282994,55.41009010628299
202005,2020-05-01,COMPRA DE ENERGIA,0.0,0.0
202005,2020-05-01,CONSUMOS AUX.,310.6665574798559,0.3106665574798559
202005,2020-05-01,CONTRATOS,50204.46071999999,50.204460719999986
202005,2020-05-01,ENERGIA DISPONIBLE,71768.64292439258,71.76864292439258
202005,2020-05-01,PERDIDAS,1202.6776316246833,1.2026776316246832
202005,2020-05-01,PRODUCCION HIDRAULICA,73278.5718840481,73.2785718840481
202005,2020-05-01,PRODUCCION TERMICA,3.415229449020325,0.003415229449020325
202005,2020-05-01,VENTA DE ENERGIA,71768.64292439258,71.76864292439258
202005,2020-05-01,VENTA EN COES,21564.182204392593,21.564182204392594
202006,2020-06-01,COMPRA DE ENERGIA,0.0,0.0
202006,2020-06-01,CONSUMOS AUX.,298.0651554186145,0.2980651554186145
202006,2020-06-01,CONTRATOS,51074.337320000006,51.074337320000005
202006,2020-06-01,ENERGIA DISPONIBLE,68724.70005763715,68.72470005763715
202006,2020-06-01,PERDIDAS,1136.7030165203905,1.1367030165203906
202006,2020-06-01,PRODUCCION HIDRAULICA,70157.80083582796,70.15780083582796
202006,2020-06-01,PRODUCCION TERMICA,1.667393748186587,0.001667393748186587
202006,2020-06-01,VENTA DE ENERGIA,68724.70005763714,68.72470005763714
202006,2020-06-01,VENTA EN COES,17650.36273763713,17.65036273763713
202007,2020-07-01,COMPRA DE ENERGIA,0.0,0.0
202007,2020-07-01,CONSUMOS AUX.,313.62659825809976,0.31362659825809974
202007,2020-07-01,CONTRATOS,54034.67268000002,54.03467268000002
202007,2020-07-01,ENERGIA DISPONIBLE,70739.41109435644,70.73941109435644
202007,2020-07-01,PERDIDAS,1147.4316271774878,1.1474316271774878
202007,2020-07-01,PRODUCCION HIDRAULICA,72196.91290628405,72.19691290628406
202007,2020-07-01,PRODUCCION TERMICA,3.5564135079628323,0.0035564135079628324
202007,2020-07-01,VENTA DE ENERGIA,70739.41109435643,70.73941109435643
202007,2020-07-01,VENTA EN COES,16704.738414356412,16.704738414356413
202008,2020-08-01,COMPRA DE ENERGIA,0.0,0.0
202008,2020-08-01,CONSUMOS AUX.,302.8087575823135,0.3028087575823135
202008,2020-08-01,CONTRATOS,54589.76523999999,54.58976523999999
202008,2020-08-01,ENERGIA DISPONIBLE,70626.5087442522,70.6265087442522
202008,2020-08-01,PERDIDAS,1168.1551775602275,1.1681551775602275
202008,2020-08-01,PRODUCCION HIDRAULICA,72095.7270101949,72.09572701019489
202008,2020-08-01,PRODUCCION TERMICA,1.7456691998542664,0.0017456691998542664
202008,2020-08-01,VENTA DE ENERGIA,70626.5087442522,70.6265087442522
202008,2020-08-01,VENTA EN COES,16036.74350425221,16.03674350425221
202009,2020-09-01,COMPRA DE ENERGIA,0.0,0.0
202009,2020-09-01,CONSUMOS AUX.,298.06986474282576,0.29806986474282576
202009,2020-09-01,CONTRATOS,54253.49882000001,54.25349882000001
202009,2020-09-01,ENERGIA DISPONIBLE,72080.9550849675,72.0809550849675
202009,2020-09-01,PERDIDAS,1195.0694773732248,1.1950694773732249
202009,2020-09-01,PRODUCCION HIDRAULICA,73550.31678364491,73.55031678364492
202009,2020-09-01,PRODUCCION TERMICA,23.777643438636417,0.023777643438636416
202009,2020-09-01,VENTA DE ENERGIA,72080.9550849675,72.0809550849675
202009,2020-09-01,VENTA EN COES,17827.45626496749,17.82745626496749
202010,2020-10-01,COMPRA DE ENERGIA,0.0,0.0
202010,2020-10-01,CONSUMOS AUX.,310.80625102067114,0.31080625102067116
202010,2020-10-01,CONTRATOS,57718.17797000001,57.71817797000001
202010,2020-10-01,ENERGIA DISPONIBLE,76728.99850556029,76.72899850556028
202010,2020-10-01,PERDIDAS,1240.5677350198966,1.2405677350198967
202010,2020-10-01,PRODUCCION HIDRAULICA,78229.38430649413,78.22938430649413
202010,2020-10-01,PRODUCCION TERMICA,50.988185106721716,0.05098818510672171
202010,2020-10-01,VENTA DE ENERGIA,76728.9985055603,76.7289985055603
202010,2020-10-01,VENTA EN COES,19010.820535560277,19.010820535560278
202011,2020-11-01,COMPRA DE ENERGIA,0.0,0.0
202011,2020-11-01,CONSUMOS AUX.,295.6729898316784,0.29567298983167845
202011,2020-11-01,CONTRATOS,57390.49190000001,57.39049190000001
202011,2020-11-01,ENERGIA DISPONIBLE,73269.38482218792,73.26938482218792
202011,2020-11-01,PERDIDAS,1109.6796070392738,1.1096796070392738
202011,2020-11-01,PRODUCCION HIDRAULICA,74624.33287279138,74.62433287279137
202011,2020-11-01,PRODUCCION TERMICA,50.40454626749177,0.050404546267491766
202011,2020-11-01,VENTA DE ENERGIA,73269.38482218792,73.26938482218792
202011,2020-11-01,VENTA EN COES,15878.892922187908,15.878892922187909
202012,2020-12-01,COMPRA DE ENERGIA,0.0,0.0
202012,2020-12-01,CONSUMOS AUX.,314.82172509286374,0.31482172509286377
202012,2020-12-01,CONTRATOS,60046.92478000001,60.04692478000001
202012,2020-12-01,ENERGIA DISPONIBLE,81114.93131290391,81.1149313129039
202012,2020-12-01,PERDIDAS,1257.2063672059157,1.2572063672059157
202012,2020-12-01,PRODUCCION HIDRAULICA,82658.8220000103,82.6588220000103
202012,2020-12-01,PRODUCCION TERMICA,28.13740519238072,0.02813740519238072
202012,2020-12-01,VENTA DE ENERGIA,81114.93131290391,81.1149313129039
202012,2020-12-01,VENTA EN COES,21068.0065329039,21.068006532903897
202101,2021-01-01,COMPRA DE ENERGIA,0.0,0.0
202101,2021-01-01,CONSUMOS AUX.,350.53758879079425,0.3505375887907942
202101,2021-01-01,CONTRATOS,63480.852020000006,63.48085202000001
202101,2021-01-01,ENERGIA DISPONIBLE,101918.33068933201,101.91833068933201
202101,2021-01-01,PERDIDAS,1465.5568777321023,1.4655568777321022
202101,2021-01-01,PRODUCCION HIDRAULICA,103731.44926541302,103.73144926541302
202101,2021-01-01,PRODUCCION TERMICA,2.9758904418945313,0.0029758904418945315
202101,2021-01-01,VENTA DE ENERGIA,101918.33068933201,101.91833068933201
202101,2021-01-01,VENTA EN COES,38437.478669332006,38.43747866933201
202102,2021-02-01,COMPRA DE ENERGIA,0.0,0.0
202102,2021-02-01,CONSUMOS AUX.,299.76848623561534,0.29976848623561536
202102,2021-02-01,CONTRATOS,56171.77096999999,56.17177096999999
202102,2021-02-01,ENERGIA DISPONIBLE,76042.6179601467,76.0426179601467
202102,2021-02-01,PERDIDAS,1231.6382077964954,1.2316382077964954
202102,2021-02-01,PRODUCCION HIDRAULICA,77567.93173500698,77.56793173500698
202102,2021-02-01,PRODUCCION TERMICA,6.092919171829533,0.006092919171829533
202102,2021-02-01,VENTA DE ENERGIA,76042.6179601467,76.0426179601467
202102,2021-02-01,VENTA EN COES,19870.84699014671,19.87084699014671
202103,2021-03-01,COMPRA DE ENERGIA,0.0,0.0
202103,2021-03-01,CONSUMOS AUX.,317.3559218107272,0.3173559218107272
202103,2021-03-01,CONTRATOS,62597.98541000001,62.59798541000001
202103,2021-03-01,ENERGIA DISPONIBLE,75907.04792316814,75.90704792316814
202103,2021-03-01,PERDIDAS,1249.6661534410523,1.2496661534410523
202103,2021-03-01,PRODUCCION HIDRAULICA,77444.5395681862,77.4445395681862
202103,2021-03-01,PRODUCCION TERMICA,29.53043023371746,0.029530430233717462
202103,2021-03-01,VENTA DE ENERGIA,75907.04792316814,75.90704792316814
202103,2021-03-01,VENTA EN COES,13309.06251316813,13.30906251316813
202104,2021-04-01,COMPRA DE ENERGIA,0.0,0.0
202104,2021-04-01,CONSUMOS AUX.,322.94378548102264,0.32294378548102265
202104,2021-04-01,CONTRATOS,58244.92292000002,58.24492292000002
202104,2021-04-01,ENERGIA DISPONIBLE,105902.36404472114,105.90236404472114
202104,2021-04-01,PERDIDAS,1592.3647809847025,1.5923647809847026
202104,2021-04-01,PRODUCCION HIDRAULICA,107799.35941108497,107.79935941108496
202104,2021-04-01,PRODUCCION TERMICA,18.313200101896545,0.018313200101896545
202104,2021-04-01,VENTA DE ENERGIA,105902.36404472114,105.90236404472114
202104,2021-04-01,VENTA EN COES,47657.44112472112,47.65744112472112
202105,2021-05-01,COMPRA DE ENERGIA,0.0,0.0
202105,2021-05-01,CONSUMOS AUX.,406.92321836879097,0.406923218368791
202105,2021-05-01,CONTRATOS,58244.54386,58.24454386
202105,2021-05-01,ENERGIA DISPONIBLE,70307.86463459807,70.30786463459806
202105,2021-05-01,PERDIDAS,1142.5274651591026,1.1425274651591026
202105,2021-05-01,PRODUCCION HIDRAULICA,71805.39781526651,71.8053978152665
202105,2021-05-01,PRODUCCION TERMICA,51.91750285945621,0.051917502859456205
202105,2021-05-01,VENTA DE ENERGIA,70307.8646345981,70.30786463459809
202105,2021-05-01,VENTA EN COES,12063.320774598084,12.063320774598084
202106,2021-06-01,COMPRA DE ENERGIA,0.0,0.0
202106,2021-06-01,CONSUMOS AUX.,382.63909800366946,0.38263909800366946
202106,2021-06-01,CONTRATOS,55762.457790000015,55.76245779000001
202106,2021-06-01,ENERGIA DISPONIBLE,68547.29556713522,68.54729556713522
202106,2021-06-01,PERDIDAS,1109.191134590772,1.109191134590772
202106,2021-06-01,PRODUCCION HIDRAULICA,70035.25348290293,70.03525348290293
202106,2021-06-01,PRODUCCION TERMICA,3.8723168267362054,0.0038723168267362053
202106,2021-06-01,VENTA DE ENERGIA,68547.29556713522,68.54729556713522
202106,2021-06-01,VENTA EN COES,12784.83777713521,12.784837777135209
202107,2021-07-01,COMPRA DE ENERGIA,158.3495632652,0.1583495632652
202107,2021-07-01,CONSUMOS AUX.,508.27011272094836,0.5082701127209484
202107,2021-07-01,CONTRATOS,57394.63269,57.39463269
202107,2021-07-01,ENERGIA DISPONIBLE,70925.55742482013,70.92555742482013
202107,2021-07-01,PERDIDAS,1095.1916656353133,1.0951916656353133
202107,2021-07-01,PRODUCCION HIDRAULICA,72301.05722779741,72.30105722779741
202107,2021-07-01,PRODUCCION TERMICA,69.61241211377104,0.06961241211377105
202107,2021-07-01,VENTA DE ENERGIA,70925.55742482012,70.92555742482011
202107,2021-07-01,VENTA EN COES,13530.924734820117,13.530924734820116
202108,2021-08-01,COMPRA DE ENERGIA,156.829536272,0.15682953627200003
202108,2021-08-01,CONSUMOS AUX.,346.40587719296104,0.34640587719296106
202108,2021-08-01,CONTRATOS,58454.98342000001,58.45498342000001
202108,2021-08-01,ENERGIA DISPONIBLE,81209.9808039368,81.2099808039368
202108,2021-08-01,PERDIDAS,1291.3891603475931,1.291389160347593
202108,2021-08-01,PRODUCCION HIDRAULICA,82677.99140516536,82.67799140516536
202108,2021-08-01,PRODUCCION TERMICA,12.954900040004642,0.012954900040004642
202108,2021-08-01,VENTA DE ENERGIA,81209.98080393682,81.20998080393682
202108,2021-08-01,VENTA EN COES,22754.997383936796,22.754997383936796
202109,2021-09-01,COMPRA DE ENERGIA,149.98760319423675,0.14998760319423676
202109,2021-09-01,CONSUMOS AUX.,481.3025752923303,0.4813025752923303
202109,2021-09-01,CONTRATOS,59195.57024000001,59.19557024000001
202109,2021-09-01,ENERGIA DISPONIBLE,78367.87948051858,78.36787948051858
202109,2021-09-01,PERDIDAS,1119.6020061959134,1.1196020061959133
202109,2021-09-01,PRODUCCION HIDRAULICA,79741.3299095628,79.74132990956281
202109,2021-09-01,PRODUCCION TERMICA,77.46654924978736,0.07746654924978737
202109,2021-09-01,VENTA DE ENERGIA,78367.87948051859,78.3678794805186
202109,2021-09-01,VENTA EN COES,19172.30924051858,19.172309240518583
202110,2021-10-01,COMPRA DE ENERGIA,153.82518224525452,0.15382518224525452
202110,2021-10-01,CONSUMOS AUX.,320.43192268965635,0.32043192268965637
202110,2021-10-01,CONTRATOS,61747.138300000006,61.7471383
202110,2021-10-01,ENERGIA DISPONIBLE,80430.83974315572,80.43083974315573
202110,2021-10-01,PERDIDAS,1277.4788018981199,1.2774788018981198
202110,2021-10-01,PRODUCCION HIDRAULICA,81849.8643208444,81.8498643208444
202110,2021-10-01,PRODUCCION TERMICA,25.06096465383718,0.025060964653837177
202110,2021-10-01,VENTA DE ENERGIA,80430.8397431557,80.4308397431557
202110,2021-10-01,VENTA EN COES,18683.701443155704,18.683701443155705
202111,2021-11-01,COMPRA DE ENERGIA,145.401581477165,0.145401581477165
202111,2021-11-01,CONSUMOS AUX.,335.38561434304154,0.33538561434304154
202111,2021-11-01,CONTRATOS,61643.54518,61.643545180000004
202111,2021-11-01,ENERGIA DISPONIBLE,79170.5907059637,79.17059070596369
202111,2021-11-01,PERDIDAS,1224.226600379945,1.224226600379945
202111,2021-11-01,PRODUCCION HIDRAULICA,80581.07076635292,80.58107076635292
202111,2021-11-01,PRODUCCION TERMICA,3.730572856603443,0.003730572856603443
202111,2021-11-01,VENTA DE ENERGIA,79170.5907059637,79.17059070596369
202111,2021-11-01,VENTA EN COES,17527.045525963695,17.527045525963693
202112,2021-12-01,COMPRA DE ENERGIA,149.20185,0.14920185
202112,2021-12-01,CONSUMOS AUX.,419.45480031262,0.41945480031262
202112,2021-12-01,CONTRATOS,63936.88779000001,63.93688779000001
202112,2021-12-01,ENERGIA DISPONIBLE,80794.03689525533,80.79403689525533
202112,2021-12-01,PERDIDAS,1176.1682174947346,1.1761682174947345
202112,2021-12-01,PRODUCCION HIDRAULICA,82186.70580806269,82.18670580806268
202112,2021-12-01,PRODUCCION TERMICA,53.752255,0.053752255
202112,2021-12-01,VENTA DE ENERGIA,80794.03689525531,80.79403689525532
202112,2021-12-01,VENTA EN COES,16857.149105255303,16.857149105255303
202201,2022-01-01,COMPRA DE ENERGIA,150.28168,0.15028168
202201,2022-01-01,CONSUMOS AUX.,321.0989130511644,0.3210989130511644
202201,2022-01-01,CONTRATOS,72820.25764,72.82025764
202201,2022-01-01,ENERGIA DISPONIBLE,77198.93104052344,77.19893104052345
202201,2022-01-01,PERDIDAS,1239.329690037499,1.239329690037499
202201,2022-01-01,PRODUCCION HIDRAULICA,78569.95672754114,78.56995672754114
202201,2022-01-01,PRODUCCION TERMICA,39.12123607096157,0.039121236070961574
202201,2022-01-01,VENTA DE ENERGIA,77198.93104052343,77.19893104052343
202201,2022-01-01,VENTA EN COES,4378.673400523447,4.3786734005234464
202202,2022-02-01,COMPRA DE ENERGIA,3843.629274359607,3.843629274359607
202202,2022-02-01,CONSUMOS AUX.,289.4162429890558,0.28941624298905577
202202,2022-02-01,CONTRATOS,68233.73526,68.23373526
202202,2022-02-01,ENERGIA DISPONIBLE,68233.73526,68.23373526
202202,2022-02-01,PERDIDAS,1096.433724424147,1.0964337244241469
202202,2022-02-01,PRODUCCION HIDRAULICA,65749.95154843721,65.74995154843721
202202,2022-02-01,PRODUCCION TERMICA,26.004404616383976,0.026004404616383977
202202,2022-02-01,VENTA DE ENERGIA,68233.73526,68.23373526
202202,2022-02-01,VENTA EN COES,0.0,0.0
202203,2022-03-01,COMPRA DE ENERGIA,155.945498031616,0.155945498031616
202203,2022-03-01,CONSUMOS AUX.,328.55847443062413,0.32855847443062414
202203,2022-03-01,CONTRATOS,75084.15178000001,75.08415178000001
202203,2022-03-01,ENERGIA DISPONIBLE,89649.39765993414,89.64939765993414
202203,2022-03-01,PERDIDAS,1429.5440349097044,1.4295440349097044
202203,2022-03-01,PRODUCCION HIDRAULICA,91220.51390286315,91.22051390286315
202203,2022-03-01,PRODUCCION TERMICA,31.040768379717456,0.031040768379717455
202203,2022-03-01,VENTA DE ENERGIA,89649.39765993417,89.64939765993417
202203,2022-03-01,VENTA EN COES,14565.245879934155,14.565245879934155
202204,2022-04-01,COMPRA DE ENERGIA,139.57567862419359,0.1395756786241936
202204,2022-04-01,CONSUMOS AUX.,302.61154766655676,0.30261154766655673
202204,2022-04-01,CONTRATOS,69143.00619,69.14300619
202204,2022-04-01,ENERGIA DISPONIBLE,72335.08136388307,72.33508136388308
202204,2022-04-01,PERDIDAS,1171.8513801696972,1.1718513801696973
202204,2022-04-01,PRODUCCION HIDRAULICA,73646.07325577059,73.64607325577059
202204,2022-04-01,PRODUCCION TERMICA,23.895357324554816,0.023895357324554816
202204,2022-04-01,VENTA DE ENERGIA,72335.08136388307,72.33508136388308
202204,2022-04-01,VENTA EN COES,3192.0751738830877,3.1920751738830875
202205,2022-05-01,COMPRA DE ENERGIA,145.87515,0.14587514999999998
202205,2022-05-01,CONSUMOS AUX.,315.9073637916925,0.3159073637916925
202205,2022-05-01,CONTRATOS,68527.83733000001,68.52783733000001
202205,2022-05-01,ENERGIA DISPONIBLE,71024.70042989067,71.02470042989067
202205,2022-05-01,PERDIDAS,1152.72859281204,1.15272859281204
202205,2022-05-01,PRODUCCION HIDRAULICA,72309.84169752336,72.30984169752335
202205,2022-05-01,PRODUCCION TERMICA,37.619538971058205,0.03761953897105821
202205,2022-05-01,VENTA DE ENERGIA,71024.7004298907,71.0247004298907
202205,2022-05-01,VENTA EN COES,2496.8630998906883,2.4968630998906884
202206,2022-06-01,COMPRA DE ENERGIA,142.45681959814453,0.14245681959814455
202206,2022-06-01,CONSUMOS AUX.,323.60428412433595,0.32360428412433595
202206,2022-06-01,CONTRATOS,65142.23102,65.14223102
202206,2022-06-01,ENERGIA DISPONIBLE,68645.27500361501,68.64527500361501
202206,2022-06-01,PERDIDAS,1141.9621310212824,1.1419621310212824
202206,2022-06-01,PRODUCCION HIDRAULICA,69925.24040649428,69.92524040649428
202206,2022-06-01,PRODUCCION TERMICA,43.14419266820556,0.043144192668205565
202206,2022-06-01,VENTA DE ENERGIA,68645.275003615,68.645275003615
202206,2022-06-01,VENTA EN COES,3503.0439836150035,3.5030439836150036
202207,2022-07-01,COMPRA DE ENERGIA,133.7588440070873,0.13375884400708732
202207,2022-07-01,CONSUMOS AUX.,348.3771294754234,0.3483771294754234
202207,2022-07-01,CONTRATOS,65405.76177,65.40576177
202207,2022-07-01,ENERGIA DISPONIBLE,70960.76570744698,70.96076570744698
202207,2022-07-01,PERDIDAS,1172.1341172407847,1.1721341172407846
202207,2022-07-01,PRODUCCION HIDRAULICA,72263.82530772523,72.26382530772523
202207,2022-07-01,PRODUCCION TERMICA,83.6928024308695,0.0836928024308695
202207,2022-07-01,VENTA DE ENERGIA,70960.76570744696,70.96076570744697
202207,2022-07-01,VENTA EN COES,5555.003937446963,5.555003937446964
202208,2022-08-01,COMPRA DE ENERGIA,146.73445475482941,0.1467344547548294
202208,2022-08-01,CONSUMOS AUX.,354.5334989855381,0.3545334989855381
202208,2022-08-01,CONTRATOS,67218.99069,67.21899069000001
202208,2022-08-01,ENERGIA DISPONIBLE,81959.82108657701,81.95982108657701
202208,2022-08-01,PERDIDAS,1278.1316516837687,1.2781316516837686
202208,2022-08-01,PRODUCCION HIDRAULICA,83404.84601133515,83.40484601133515
202208,2022-08-01,PRODUCCION TERMICA,40.90577115631103,0.040905771156311034
202208,2022-08-01,VENTA DE ENERGIA,81959.82108657698,81.95982108657698
202208,2022-08-01,VENTA EN COES,14740.830396576974,14.740830396576973
202209,2022-09-01,COMPRA DE ENERGIA,139.55523,0.13955523
202209,2022-09-01,CONSUMOS AUX.,323.8372085810415,0.32383720858104154
202209,2022-09-01,CONTRATOS,67461.47496,67.46147496
202209,2022-09-01,ENERGIA DISPONIBLE,78401.09590925215,78.40109590925215
202209,2022-09-01,PERDIDAS,1428.5029134694632,1.4285029134694633
202209,2022-09-01,PRODUCCION HIDRAULICA,79533.2011142876,79.5332011142876
202209,2022-09-01,PRODUCCION TERMICA,480.6796870150337,0.4806796870150337
202209,2022-09-01,VENTA DE ENERGIA,78401.09590925212,78.40109590925212
202209,2022-09-01,VENTA EN COES,10939.620949252116,10.939620949252115
202210,2022-10-01,COMPRA DE ENERGIA,128.507,0.128507
202210,2022-10-01,CONSUMOS AUX.,319.774959015891,0.319774959015891
202210,2022-10-01,CONTRATOS,69562.03848999999,69.56203848999999
202210,2022-10-01,ENERGIA DISPONIBLE,82041.94620971332,82.04194620971332
202210,2022-10-01,PERDIDAS,1350.9667312909878,1.3509667312909879
202210,2022-10-01,PRODUCCION HIDRAULICA,83439.23570448827,83.43923570448827
202210,2022-10-01,PRODUCCION TERMICA,144.94519553191753,0.14494519553191754
202210,2022-10-01,VENTA DE ENERGIA,82041.94620971331,82.0419462097133
202210,2022-10-01,VENTA EN COES,12479.907719713316,12.479907719713315
202211,2022-11-01,COMPRA DE ENERGIA,111.62695088481902,0.11162695088481903
202211,2022-11-01,CONSUMOS AUX.,464.34524862286975,0.46434524862286974
202211,2022-11-01,CONTRATOS,70658.36266000001,70.65836266000001
202211,2022-11-01,ENERGIA DISPONIBLE,78152.59044215984,78.15259044215983
202211,2022-11-01,PERDIDAS,1612.3762624678056,1.6123762624678057
202211,2022-11-01,PRODUCCION HIDRAULICA,77073.58374664265,77.07358374664264
202211,2022-11-01,PRODUCCION TERMICA,3044.101255723063,3.0441012557230627
202211,2022-11-01,VENTA DE ENERGIA,78501.66810215983,78.50166810215984
202211,2022-11-01,VENTA EN COES,7843.305442159835,7.843305442159835
202212,2022-12-01,COMPRA DE ENERGIA,117.56939999999999,0.11756939999999999
202212,2022-12-01,CONSUMOS AUX.,313.44062932267417,0.3134406293226742
202212,2022-12-01,CONTRATOS,74592.57615,74.59257615
202212,2022-12-01,ENERGIA DISPONIBLE,75859.45276247703,75.85945276247703
202212,2022-12-01,PERDIDAS,1317.1841651041614,1.3171841651041614
202212,2022-12-01,PRODUCCION HIDRAULICA,77151.84456039204,77.15184456039204
202212,2022-12-01,PRODUCCION TERMICA,220.6635965118408,0.2206635965118408
202212,2022-12-01,VENTA DE ENERGIA,75859.45276247704,75.85945276247705
202212,2022-12-01,VENTA EN COES,1266.8766124770482,1.266876612477048
202301,2023-01-01,COMPRA DE ENERGIA,9573.816632085196,9.573816632085196
202301,2023-01-01,CONSUMOS AUX.,299.17100705016816,0.29917100705016814
202301,2023-01-01,CONTRATOS,73244.77856,73.24477856
202301,2023-01-01,ENERGIA DISPONIBLE,73244.77856000002,73.24477856000001
202301,2023-01-01,PERDIDAS,1157.3782180988783,1.1573782180988783
202301,2023-01-01,PRODUCCION HIDRAULICA,65120.62843726643,65.12062843726643
202301,2023-01-01,PRODUCCION TERMICA,6.882715797424316,0.006882715797424316
202301,2023-01-01,VENTA DE ENERGIA,73244.77856,73.24477856
202301,2023-01-01,VENTA EN COES,0.0,0.0
202302,2023-02-01,COMPRA DE ENERGIA,97.0813349723816,0.0970813349723816
202302,2023-02-01,CONSUMOS AUX.,295.46338826273455,0.29546338826273455
202302,2023-02-01,CONTRATOS,71781.02569,71.78102568999999
202302,2023-02-01,ENERGIA DISPONIBLE,89296.57843228892,89.29657843228892
202302,2023-02-01,PERDIDAS,1331.1175940816902,1.3311175940816902
202302,2023-02-01,PRODUCCION HIDRAULICA,90787.95204129336,90.78795204129337
202302,2023-02-01,PRODUCCION TERMICA,38.12603836759925,0.03812603836759925
202302,2023-02-01,VENTA DE ENERGIA,89296.57843228891,89.29657843228891
202302,2023-02-01,VENTA EN COES,17515.552742288914,17.515552742288914
202303,2023-03-01,COMPRA DE ENERGIA,12694.837979280686,12.694837979280686
202303,2023-03-01,CONSUMOS AUX.,313.7862110872264,0.3137862110872264
202303,2023-03-01,CONTRATOS,78606.27705,78.60627705
202303,2023-03-01,ENERGIA DISPONIBLE,78606.27705,78.60627705
202303,2023-03-01,PERDIDAS,1247.2028521677275,1.2472028521677276
202303,2023-03-01,PRODUCCION HIDRAULICA,67385.1443859182,67.38514438591821
202303,2023-03-01,PRODUCCION TERMICA,87.28374805607285,0.08728374805607285
202303,2023-03-01,VENTA DE ENERGIA,78606.27705,78.60627705
202303,2023-03-01,VENTA EN COES,0.0,0.0
202304,2023-04-01,COMPRA DE ENERGIA,19430.9904669023,19.4309904669023
202304,2023-04-01,CONSUMOS AUX.,288.716668166619,0.288716668166619
202304,2023-04-01,CONTRATOS,74348.13643,74.34813643
202304,2023-04-01,ENERGIA DISPONIBLE,74348.13643,74.34813643
202304,2023-04-01,PERDIDAS,1016.2171131077775,1.0162171131077775
202304,2023-04-01,PRODUCCION HIDRAULICA,56194.41019263812,56.19441019263812
202304,2023-04-01,PRODUCCION TERMICA,27.669551733970643,0.027669551733970642
202304,2023-04-01,VENTA DE ENERGIA,74348.13643,74.34813643
202304,2023-04-01,VENTA EN COES,0.0,0.0
202305,2023-05-01,COMPRA DE ENERGIA,8770.26946409325,8.77026946409325
202305,2023-05-01,CONSUMOS AUX.,300.42902648006293,0.3004290264800629
202305,2023-05-01,CONTRATOS,70807.98220999999,70.80798220999999
202305,2023-05-01,ENERGIA DISPONIBLE,70807.98220999997,70.80798220999998
202305,2023-05-01,PERDIDAS,1085.4990854800126,1.0854990854800126
202305,2023-05-01,PRODUCCION HIDRAULICA,63322.65153206876,63.32265153206876
202305,2023-05-01,PRODUCCION TERMICA,100.98932579803467,0.10098932579803467
202305,2023-05-01,VENTA DE ENERGIA,70807.98220999999,70.80798220999999
202305,2023-05-01,VENTA EN COES,0.0,0.0
202306,2023-06-01,COMPRA DE ENERGIA,6742.680288376828,6.742680288376828
202306,2023-06-01,CONSUMOS AUX.,290.17017491981187,0.2901701749198119
202306,2023-06-01,CONTRATOS,66769.02511999999,66.76902512
202306,2023-06-01,ENERGIA DISPONIBLE,66769.02511999998,66.76902511999998
202306,2023-06-01,PERDIDAS,1062.7734530092712,1.0627734530092712
202306,2023-06-01,PRODUCCION HIDRAULICA,61294.40517517228,61.29440517517228
202306,2023-06-01,PRODUCCION TERMICA,84.8832843799591,0.0848832843799591
202306,2023-06-01,VENTA DE ENERGIA,66769.02511999999,66.76902512
202306,2023-06-01,VENTA EN COES,0.0,0.0
202307,2023-07-01,COMPRA DE ENERGIA,5309.11905003424,5.30911905003424
202307,2023-07-01,CONSUMOS AUX.,290.17017491981187,0.2901701749198119
202307,2023-07-01,CONTRATOS,66953.89214000001,66.95389214000001
202307,2023-07-01,ENERGIA DISPONIBLE,66953.89214000001,66.95389214000001
202307,2023-07-01,PERDIDAS,1110.413715634888,1.1104137156348879
202307,2023-07-01,PRODUCCION HIDRAULICA,62588.29625727676,62.58829625727676
202307,2023-07-01,PRODUCCION TERMICA,457.06072324371337,0.4570607232437134
202307,2023-07-01,VENTA DE ENERGIA,66953.89214000001,66.95389214000001
202307,2023-07-01,VENTA EN COES,0.0,0.0
202308,2023-08-01,COMPRA DE ENERGIA,4397.482233023027,4.397482233023028
202308,2023-08-01,CONSUMOS AUX.,326.50802538125555,0.32650802538125556
202308,2023-08-01,CONTRATOS,67868.02789999999,67.86802789999999
202308,2023-08-01,ENERGIA DISPONIBLE,67868.02789999999,67.86802789999999
202308,2023-08-01,PERDIDAS,1059.3423138325597,1.0593423138325597
202308,2023-08-01,PRODUCCION HIDRAULICA,64269.15191046848,64.26915191046848
202308,2023-08-01,PRODUCCION TERMICA,587.2440957222929,0.5872440957222929
202308,2023-08-01,VENTA DE ENERGIA,67868.02789999999,67.86802789999999
202308,2023-08-01,VENTA EN COES,0.0,0.0
202309,2023-09-01,COMPRA DE ENERGIA,3166.1253223296035,3.1661253223296035
202309,2023-09-01,CONSUMOS AUX.,293.6858562563206,0.2936858562563206
202309,2023-09-01,CONTRATOS,67571.00664,67.57100664000001
202309,2023-09-01,ENERGIA DISPONIBLE,69198.17423777732,69.19817423777732
202309,2023-09-01,PERDIDAS,1120.3616372979595,1.1203616372979595
202309,2023-09-01,PRODUCCION HIDRAULICA,67380.03645596953,67.38003645596953
202309,2023-09-01,PRODUCCION TERMICA,66.0599530324575,0.0660599530324575
202309,2023-09-01,VENTA DE ENERGIA,69198.17423777732,69.19817423777732
202309,2023-09-01,VENTA EN COES,1627.167597777312,1.6271675977773121
202310,2023-10-01,COMPRA DE ENERGIA,5015.708853031801,5.015708853031801
202310,2023-10-01,CONSUMOS AUX.,297.7213571978386,0.2977213571978386
202310,2023-10-01,CONTRATOS,71596.57251,71.59657251
202310,2023-10-01,ENERGIA DISPONIBLE,71596.57250999998,71.59657250999999
202310,2023-10-01,PERDIDAS,1106.148853415958,1.106148853415958
202310,2023-10-01,PRODUCCION HIDRAULICA,67971.09879864039,67.9710987986404
202310,2023-10-01,PRODUCCION TERMICA,13.635068941593168,0.013635068941593168
202310,2023-10-01,VENTA DE ENERGIA,71596.57251,71.59657251
202310,2023-10-01,VENTA EN COES,0.0,0.0
202311,2023-11-01,COMPRA DE ENERGIA,3681.108122629305,3.681108122629305
202311,2023-11-01,CONSUMOS AUX.,311.98857809760193,0.31198857809760194
202311,2023-11-01,CONTRATOS,71306.93073000001,71.30693073
202311,2023-11-01,ENERGIA DISPONIBLE,71306.93073000004,71.30693073000003
202311,2023-11-01,PERDIDAS,1171.2125096868695,1.1712125096868695
202311,2023-11-01,PRODUCCION HIDRAULICA,68618.39712036852,68.61839712036853
202311,2023-11-01,PRODUCCION TERMICA,490.626574786663,0.490626574786663
202311,2023-11-01,VENTA DE ENERGIA,71306.93073000001,71.30693073
202311,2023-11-01,VENTA EN COES,0.0,0.0
202312,2023-12-01,COMPRA DE ENERGIA,11378.424916820091,11.37842491682009
202312,2023-12-01,CONSUMOS AUX.,292.06227849067585,0.29206227849067584
202312,2023-12-01,CONTRATOS,75062.387,75.062387
202312,2023-12-01,ENERGIA DISPONIBLE,75062.387,75.062387
202312,2023-12-01,PERDIDAS,1129.9652113164484,1.1299652113164484
202312,2023-12-01,PRODUCCION HIDRAULICA,65104.28188896603,65.10428188896603
202312,2023-12-01,PRODUCCION TERMICA,1.7076840209960937,0.0017076840209960936
202312,2023-12-01,VENTA DE ENERGIA,75062.387,75.062387
202312,2023-12-01,VENTA EN COES,0.0,0.0
202401,2024-01-01,COMPRA DE ENERGIA,823.3578550975969,0.823357855097597
202401,2024-01-01,CONSUMOS AUX.,290.35922192827775,0.29035922192827773
202401,2024-01-01,CONTRATOS,52460.687317059,52.460687317059
202401,2024-01-01,ENERGIA DISPONIBLE,52460.687317059004,52.460687317059005
202401,2024-01-01,PERDIDAS,948.8364838180132,0.9488364838180132
202401,2024-01-01,PRODUCCION HIDRAULICA,52841.394967043176,52.84139496704318
202401,2024-01-01,PRODUCCION TERMICA,35.13020066452027,0.035130200664520266
202401,2024-01-01,VENTA DE ENERGIA,52460.687317059,52.460687317059
202401,2024-01-01,VENTA EN COES,0.0,0.0
202402,2024-02-01,COMPRA DE ENERGIA,3340.09474701951,3.34009474701951
202402,2024-02-01,CONSUMOS AUX.,269.6210382698116,0.2696210382698116
202402,2024-02-01,CONTRATOS,50773.45506903141,50.773455069031414
202402,2024-02-01,ENERGIA DISPONIBLE,50773.45506903142,50.77345506903142
202402,2024-02-01,PERDIDAS,818.3496345730091,0.8183496345730091
202402,2024-02-01,PRODUCCION HIDRAULICA,48462.2401177912,48.462240117791204
202402,2024-02-01,PRODUCCION TERMICA,59.09087706352258,0.05909087706352258
202402,2024-02-01,VENTA DE ENERGIA,50773.45506903141,50.773455069031414
202402,2024-02-01,VENTA EN COES,0.0,0.0
202403,2024-03-01,COMPRA DE ENERGIA,111.468,0.111468
202403,2024-03-01,CONSUMOS AUX.,336.1136415309911,0.3361136415309911
202403,2024-03-01,CONTRATOS,50127.536270000004,50.12753627000001
202403,2024-03-01,ENERGIA DISPONIBLE,123440.84812912541,123.44084812912541
202403,2024-03-01,PERDIDAS,1802.9968748428655,1.8029968748428655
202403,2024-03-01,PRODUCCION HIDRAULICA,125430.42849613097,125.43042849613097
202403,2024-03-01,PRODUCCION TERMICA,38.06214936828613,0.03806214936828613
202403,2024-03-01,VENTA DE ENERGIA,123440.8481291254,123.4408481291254
202403,2024-03-01,VENTA EN COES,73313.31185912539,73.31331185912539
202404,2024-04-01,COMPRA DE ENERGIA,106.437,0.106437
202404,2024-04-01,CONSUMOS AUX.,318.47200835000217,0.31847200835000217
202404,2024-04-01,CONTRATOS,48648.24807,48.64824807
202404,2024-04-01,ENERGIA DISPONIBLE,98703.60124943296,98.70360124943296
202404,2024-04-01,PERDIDAS,1444.928865326874,1.4449288653268741
202404,2024-04-01,PRODUCCION HIDRAULICA,100307.35981540555,100.30735981540555
202404,2024-04-01,PRODUCCION TERMICA,53.20530770429224,0.053205307704292236
202404,2024-04-01,VENTA DE ENERGIA,98703.60124943298,98.70360124943298
202404,2024-04-01,VENTA EN COES,50055.35317943298,50.055353179432984
202405,2024-05-01,COMPRA DE ENERGIA,110.159,0.110159
202405,2024-05-01,CONSUMOS AUX.,303.9050765249143,0.30390507652491433
202405,2024-05-01,CONTRATOS,48526.64051,48.52664051
202405,2024-05-01,ENERGIA DISPONIBLE,66101.63307792139,66.10163307792139
202405,2024-05-01,PERDIDAS,1113.8128065380006,1.1138128065380006
202405,2024-05-01,PRODUCCION HIDRAULICA,67392.531596284,67.392531596284
202405,2024-05-01,PRODUCCION TERMICA,16.660364700317384,0.016660364700317384
202405,2024-05-01,VENTA DE ENERGIA,66101.6330779214,66.1016330779214
202405,2024-05-01,VENTA EN COES,17574.9925679214,17.5749925679214
202406,2024-06-01,COMPRA DE ENERGIA,106.299,0.106299
202406,2024-06-01,CONSUMOS AUX.,299.99135543276867,0.29999135543276867
202406,2024-06-01,CONTRATOS,44969.49849,44.96949849
202406,2024-06-01,ENERGIA DISPONIBLE,65352.37470735082,65.35237470735082
202406,2024-06-01,PERDIDAS,1088.4845533968692,1.0884845533968692
202406,2024-06-01,PRODUCCION HIDRAULICA,66566.6438492864,66.5666438492864
202406,2024-06-01,PRODUCCION TERMICA,67.90776689404767,0.06790776689404766
202406,2024-06-01,VENTA DE ENERGIA,65352.374707350806,65.3523747073508
202406,2024-06-01,VENTA EN COES,20382.876217350808,20.38287621735081
202407,2024-07-01,COMPRA DE ENERGIA,113.13,0.11313
202407,2024-07-01,CONSUMOS AUX.,313.8170215245302,0.3138170215245302
202407,2024-07-01,CONTRATOS,47858.15013,47.85815013
202407,2024-07-01,ENERGIA DISPONIBLE,70520.8204826923,70.5208204826923
202407,2024-07-01,PERDIDAS,1175.9334371458099,1.17593343714581
202407,2024-07-01,PRODUCCION HIDRAULICA,71820.85461649779,71.82085461649778
202407,2024-07-01,PRODUCCION TERMICA,76.58632486486435,0.07658632486486436
202407,2024-07-01,VENTA DE ENERGIA,70520.82048269232,70.52082048269232
202407,2024-07-01,VENTA EN COES,22662.670352692316,22.662670352692317
202408,2024-08-01,COMPRA DE ENERGIA,112.003,0.112003
202408,2024-08-01,CONSUMOS AUX.,300.1642992428911,0.3001642992428911
202408,2024-08-01,CONTRATOS,48601.576539999995,48.601576539999996
202408,2024-08-01,ENERGIA DISPONIBLE,73687.26127797291,73.68726127797291
202408,2024-08-01,PERDIDAS,1171.9204877520388,1.1719204877520388
202408,2024-08-01,PRODUCCION HIDRAULICA,75024.56484419176,75.02456484419176
202408,2024-08-01,PRODUCCION TERMICA,22.778220776081085,0.022778220776081083
202408,2024-08-01,VENTA DE ENERGIA,73687.2612779729,73.6872612779729
202408,2024-08-01,VENTA EN COES,25085.6847379729,25.0856847379729
202409,2024-09-01,COMPRA DE ENERGIA,110.446,0.110446
202409,2024-09-01,CONSUMOS AUX.,288.09800962840836,0.28809800962840837
202409,2024-09-01,CONTRATOS,47505.69397000001,47.50569397000001
202409,2024-09-01,ENERGIA DISPONIBLE,67030.50586611101,67.03050586611101
202409,2024-09-01,PERDIDAS,1081.7705639390915,1.0817705639390915
202409,2024-09-01,PRODUCCION HIDRAULICA,68178.47381415208,68.17847381415208
202409,2024-09-01,PRODUCCION TERMICA,111.45462552642822,0.11145462552642822
202409,2024-09-01,VENTA DE ENERGIA,67030.50586611102,67.03050586611103
202409,2024-09-01,VENTA EN COES,19524.811896111016,19.524811896111014
202410,2024-10-01,COMPRA DE ENERGIA,109.891,0.109891
202410,2024-10-01,CONSUMOS AUX.,287.0734699771614,0.2870734699771614
202410,2024-10-01,CONTRATOS,49259.04153,49.259041530000005
202410,2024-10-01,ENERGIA DISPONIBLE,69953.83967160952,69.95383967160951
202410,2024-10-01,PERDIDAS,1075.470897952764,1.075470897952764
202410,2024-10-01,PRODUCCION HIDRAULICA,71145.52917543374,71.14552917543374
202410,2024-10-01,PRODUCCION TERMICA,60.96386410570145,0.06096386410570145
202410,2024-10-01,VENTA DE ENERGIA,69953.83967160952,69.95383967160951
202410,2024-10-01,VENTA EN COES,20694.798141609514,20.694798141609514
202411,2024-11-01,COMPRA DE ENERGIA,105.75,0.10575
202411,2024-11-01,CONSUMOS AUX.,282.09100866176215,0.2820910086617621
202411,2024-11-01,CONTRATOS,45762.01480999999,45.76201481
202411,2024-11-01,ENERGIA DISPONIBLE,67004.97047039929,67.00497047039929
202411,2024-11-01,PERDIDAS,1021.4720054131612,1.0214720054131612
202411,2024-11-01,PRODUCCION HIDRAULICA,68182.47674597171,68.18247674597171
202411,2024-11-01,PRODUCCION TERMICA,20.30673850250244,0.02030673850250244
202411,2024-11-01,VENTA DE ENERGIA,67004.9704703993,67.0049704703993
202411,2024-11-01,VENTA EN COES,21242.955660399304,21.242955660399303
202412,2024-12-01,COMPRA DE ENERGIA,111.438,0.11143800000000001
202412,2024-12-01,CONSUMOS AUX.,285.0109333397354,0.28501093333973543
202412,2024-12-01,CONTRATOS,47170.479320000006,47.170479320000005
202412,2024-12-01,ENERGIA DISPONIBLE,68165.21770150708,68.16521770150707
202412,2024-12-01,PERDIDAS,1096.715798261328,1.096715798261328
202412,2024-12-01,PRODUCCION HIDRAULICA,69350.28997030143,69.35028997030143
202412,2024-12-01,PRODUCCION TERMICA,85.21646280670167,0.08521646280670167
202412,2024-12-01,VENTA DE ENERGIA,68165.21770150703,68.16521770150703
202412,2024-12-01,VENTA EN COES,20994.738381507035,20.994738381507034
202501,2025-01-01,COMPRA DE ENERGIA,109.505,0.10950499999999999
202501,2025-01-01,CONSUMOS AUX.,285.0109333397354,0.28501093333973543
202501,2025-01-01,CONTRATOS,54926.967359999995,54.92696735999999
202501,2025-01-01,ENERGIA DISPONIBLE,62483.19494715101,62.483194947151006
202501,2025-01-01,PERDIDAS,0.0,0.0
202501,2025-01-01,PRODUCCION HIDRAULICA,62636.766069076024,62.636766069076025
202501,2025-01-01,PRODUCCION TERMICA,21.93481141471863,0.02193481141471863
202501,2025-01-01,VENTA DE ENERGIA,61436.03514298569,61.43603514298569
202501,2025-01-01,VENTA EN COES,6509.067782985694,6.509067782985694
202502,2025-02-01,COMPRA DE ENERGIA,95.6459373512268,0.09564593735122681
202502,2025-02-01,CONSUMOS AUX.,257.4292301133094,0.2574292301133094
202502,2025-02-01,CONTRATOS,55347.24723,55.34724723
202502,2025-02-01,ENERGIA DISPONIBLE,79270.66609772568,79.27066609772568
202502,2025-02-01,PERDIDAS,0.0,0.0
202502,2025-02-01,PRODUCCION HIDRAULICA,79349.59314558658,79.34959314558658
202502,2025-02-01,PRODUCCION TERMICA,82.85624490118028,0.08285624490118028
202502,2025-02-01,VENTA DE ENERGIA,78116.07811143003,78.11607811143003
202502,2025-02-01,VENTA EN COES,22768.830881430025,22.768830881430027
202503,2025-03-01,COMPRA DE ENERGIA,107.82954305076599,0.10782954305076599
202503,2025-03-01,CONSUMOS AUX.,335.299,0.33529899999999996
202503,2025-03-01,CONTRATOS,57009.60373,57.00960373
202503,2025-03-01,ENERGIA DISPONIBLE,117835.3212654641,117.8353212654641
202503,2025-03-01,PERDIDAS,0.0,0.0
202503,2025-03-01,PRODUCCION HIDRAULICA,117976.19535805157,117.97619535805157
202503,2025-03-01,PRODUCCION TERMICA,86.59536436176299,0.08659536436176299
202503,2025-03-01,VENTA DE ENERGIA,116257.48993299324,116.25748993299324
202503,2025-03-01,VENTA EN COES,59247.886202993235,59.247886202993236
202504,2025-04-01,COMPRA DE ENERGIA,101.39997145366668,0.10139997145366668
202504,2025-04-01,CONSUMOS AUX.,315.7827048170832,0.3157827048170832
202504,2025-04-01,CONTRATOS,53252.24499000001,53.25224499000001
202504,2025-04-01,ENERGIA DISPONIBLE,106849.75412119237,106.84975412119236
202504,2025-04-01,PERDIDAS,0.0,0.0
202504,2025-04-01,PRODUCCION HIDRAULICA,107032.10019203823,107.03210019203823
202504,2025-04-01,PRODUCCION TERMICA,32.036662517547605,0.0320366625175476
202504,2025-04-01,VENTA DE ENERGIA,105392.72070973806,105.39272070973806
202504,2025-04-01,VENTA EN COES,52140.47571973804,52.14047571973804
202505,2025-05-01,COMPRA DE ENERGIA,108.91785338115692,0.10891785338115692
202505,2025-05-01,CONSUMOS AUX.,287.0638021552857,0.2870638021552857
202505,2025-05-01,CONTRATOS,52471.35049,52.47135049
202505,2025-05-01,ENERGIA DISPONIBLE,69108.67521942603,69.10867521942603
202505,2025-05-01,PRODUCCION HIDRAULICA,69180.17408095041,69.18017408095041
202505,2025-05-01,PRODUCCION TERMICA,106.64708724975586,0.10664708724975586
202505,2025-05-01,VENTA DE ENERGIA,68053.00903804039,68.05300903804039
202505,2025-05-01,VENTA EN COES,15581.658548040381,15.58165854804038
202506,2025-06-01,COMPRA DE ENERGIA,104.58724521446229,0.10458724521446229
202506,2025-06-01,CONSUMOS AUX.,294.9743862336664,0.2949743862336664
202506,2025-06-01,CONTRATOS,50999.91416,50.99991416
202506,2025-06-01,ENERGIA DISPONIBLE,67983.33250150667,67.98333250150667
202506,2025-06-01,PRODUCCION HIDRAULICA,68135.01023101642,68.13501023101642
202506,2025-06-01,PRODUCCION TERMICA,38.709411509446795,0.038709411509446796
202506,2025-06-01,VENTA DE ENERGIA,66987.10837321596,66.98710837321596
202506,2025-06-01,VENTA EN COES,15987.19421321596,15.987194213215961
202507,2025-07-01,COMPRA DE ENERGIA,107.45294521808624,0.10745294521808624
202507,2025-07-01,CONSUMOS AUX.,296.06211569135723,0.2960621156913572
202507,2025-07-01,CONTRATOS,52491.004490000014,52.491004490000016
202507,2025-07-01,ENERGIA DISPONIBLE,69372.09911070054,69.37209911070055
202507,2025-07-01,PRODUCCION HIDRAULICA,69523.85985819504,69.52385985819504
202507,2025-07-01,PRODUCCION TERMICA,36.84842297877853,0.03684842297877853
202507,2025-07-01,VENTA DE ENERGIA,68347.04644740802,68.34704644740802
202507,2025-07-01,VENTA EN COES,15856.041957408,15.856041957408001
202508,2025-08-01,COMPRA DE ENERGIA,105.52322145652771,0.1055232214565277
202508,2025-08-01,CONSUMOS AUX.,294.1251211201013,0.2941251211201013
202508,2025-08-01,CONTRATOS,51856.290960000006,51.85629096
202508,2025-08-01,ENERGIA DISPONIBLE,71554.98723532396,71.55498723532396
202508,2025-08-01,PRODUCCION HIDRAULICA,71714.07039984249,71.71407039984248
202508,2025-08-01,PRODUCCION TERMICA,29.51873514506221,0.02951873514506221
202508,2025-08-01,VENTA DE ENERGIA,70519.83488961456,70.51983488961456
202508,2025-08-01,VENTA EN COES,18663.543929614556,18.663543929614555
202509,2025-09-01,COMPRA DE ENERGIA,101.1687472192352,0.1011687472192352
202509,2025-09-01,CONSUMOS AUX.,292.8309755138188,0.2928309755138188
202509,2025-09-01,CONTRATOS,52082.70926999999,52.082709269999995
202509,2025-09-01,ENERGIA DISPONIBLE,72397.45383469427,72.39745383469428
202509,2025-09-01,PRODUCCION HIDRAULICA,72195.33052517592,72.19533052517592
202509,2025-09-01,PRODUCCION TERMICA,393.7855378129483,0.3937855378129483
202509,2025-09-01,VENTA DE ENERGIA,71347.7140295383,71.3477140295383
202509,2025-09-01,VENTA EN COES,19265.0047595383,19.2650047595383
202510,2025-10-01,COMPRA DE ENERGIA,137.27084288787842,0.1372708428878784
202510,2025-10-01,CONSUMOS AUX.,280.23168830781026,0.28023168830781026
202510,2025-10-01,CONTRATOS,52832.50987000001,52.83250987000001
202510,2025-10-01,ENERGIA DISPONIBLE,72841.28832016417,72.84128832016417
202510,2025-10-01,PRODUCCION HIDRAULICA,72984.2491655841,72.9842491655841
202510,2025-10-01,PRODUCCION TERMICA,0.0,0.0
202510,2025-10-01,VENTA DE ENERGIA,71764.019803727,71.764019803727
202510,2025-10-01,VENTA EN COES,18931.50993372698,18.93150993372698
202511,2025-11-01,COMPRA DE ENERGIA,100.0115708398819,0.1000115708398819
202511,2025-11-01,CONSUMOS AUX.,282.3354725512912,0.2823354725512912
202511,2025-11-01,CONTRATOS,51322.482840000004,51.322482840000006
202511,2025-11-01,ENERGIA DISPONIBLE,70253.33193284816,70.25333193284816
202511,2025-11-01,PRODUCCION HIDRAULICA,70417.1146709167,70.41711467091669
202511,2025-11-01,PRODUCCION TERMICA,18.5411636428833,0.0185411636428833
202511,2025-11-01,VENTA DE ENERGIA,69258.26819630989,69.25826819630988
202511,2025-11-01,VENTA EN COES,17935.785356309876,17.935785356309875
