central_id,central,anio,mes,periodo,energia_mwh
CT1,C.T. Chilina,2010,1,201001,3708.895829908361
CT3,C.T. Mollendo,2010,1,201001,2904.4567571668626
CT2,C.T. Pisco,2010,1,201001,0.0
CH1,Charcani I,2010,1,201001,1172.437919646263
CH2,Charcani II,2010,1,201001,423.6928079156615
CH3,Charcani III,2010,1,201001,3230.9607357388736
CH4,Charcani IV,2010,1,201001,7008.825282408559
CH5,Charcani V,2010,1,201001,37523.75164090918
CH6,Charcani VI,2010,1,201001,4133.176260690301
CT1,C.T. Chilina,2010,2,201002,3662.7029834921677
CT3,C.T. Mollendo,2010,2,201002,4554.212623594284
CT2,C.T. Pisco,2010,2,201002,0.0
CH1,Charcani I,2010,2,201002,1050.892359512329
CH2,Charcani II,2010,2,201002,379.341366411455
CH3,Charcani III,2010,2,201002,2919.191819702148
CH4,Charcani IV,2010,2,201002,6772.553089817291
CH5,Charcani V,2010,2,201002,36702.083843944136
CH6,Charcani VI,2010,2,201002,3945.437613372356
CT1,C.T. Chilina,2010,3,201003,3364.4611551078165
CT3,C.T. Mollendo,2010,3,201003,4613.799209091187
CT2,C.T. Pisco,2010,3,201003,0.0
CH1,Charcani I,2010,3,201003,1275.652746412277
CH2,Charcani II,2010,3,201003,421.6399149799347
CH3,Charcani III,2010,3,201003,3420.4977442932127
CH4,Charcani IV,2010,3,201003,8718.396534945152
CH5,Charcani V,2010,3,201003,47763.48533529985
CH6,Charcani VI,2010,3,201003,5122.8188925337345
CT1,C.T. Chilina,2010,4,201004,5656.687599808468
CT3,C.T. Mollendo,2010,4,201004,4788.008643136024
CT2,C.T. Pisco,2010,4,201004,0.0
CH1,Charcani I,2010,4,201004,1229.9215754120653
CH2,Charcani II,2010,4,201004,413.52641772651674
CH3,Charcani III,2010,4,201004,3305.4993240737913
CH4,Charcani IV,2010,4,201004,8794.873494373474
CH5,Charcani V,2010,4,201004,47833.8362619431
CH6,Charcani VI,2010,4,201004,5238.339017395019
CT1,C.T. Chilina,2010,5,201005,5666.637576771412
CT3,C.T. Mollendo,2010,5,201005,2234.69633018446
CT2,C.T. Pisco,2010,5,201005,0.0
CH1,Charcani I,2010,5,201005,1259.5120763835907
CH2,Charcani II,2010,5,201005,415.92074468524123
CH3,Charcani III,2010,5,201005,3389.5484397315977
CH4,Charcani IV,2010,5,201005,8816.5003472616
CH5,Charcani V,2010,5,201005,47552.78353882194
CH6,Charcani VI,2010,5,201005,5259.415571071625
CT1,C.T. Chilina,2010,6,201006,3009.8043951583804
CT3,C.T. Mollendo,2010,6,201006,899.4835928215981
CT2,C.T. Pisco,2010,6,201006,0.0
CH1,Charcani I,2010,6,201006,1210.5672885513306
CH2,Charcani II,2010,6,201006,406.9554996112883
CH3,Charcani III,2010,6,201006,3250.9304475402832
CH4,Charcani IV,2010,6,201006,7976.415143293887
CH5,Charcani V,2010,6,201006,43273.39199775541
CH6,Charcani VI,2010,6,201006,4699.537668701172
CT1,C.T. Chilina,2010,7,201007,1658.3373077783845
CT3,C.T. Mollendo,2010,7,201007,13332.441973481595
CT2,C.T. Pisco,2010,7,201007,0.0
CH1,Charcani I,2010,7,201007,1262.5636101777554
CH2,Charcani II,2010,7,201007,420.2552706843838
CH3,Charcani III,2010,7,201007,3404.847082901001
CH4,Charcani IV,2010,7,201007,8162.3989692585765
CH5,Charcani V,2010,7,201007,44521.506614241734
CH6,Charcani VI,2010,7,201007,4848.126967529297
CT1,C.T. Chilina,2010,8,201008,2407.775758032171
CT3,C.T. Mollendo,2010,8,201008,9071.224615791243
CT2,C.T. Pisco,2010,8,201008,317.89233790139855
CH1,Charcani I,2010,8,201008,1264.3805268001556
CH2,Charcani II,2010,8,201008,418.63997940921786
CH3,Charcani III,2010,8,201008,3415.2981161499024
CH4,Charcani IV,2010,8,201008,8646.80772328654
CH5,Charcani V,2010,8,201008,48539.2889574759
CH6,Charcani VI,2010,8,201008,5288.149848343611
CT1,C.T. Chilina,2010,9,201009,2321.523896698289
CT3,C.T. Mollendo,2010,9,201009,4098.288715700507
CT2,C.T. Pisco,2010,9,201009,2842.5179097715923
CH1,Charcani I,2010,9,201009,1213.3882571235597
CH2,Charcani II,2010,9,201009,399.79498627471924
CH3,Charcani III,2010,9,201009,3286.9322626419066
CH4,Charcani IV,2010,9,201009,8665.494694966535
CH5,Charcani V,2010,9,201009,47426.20763386457
CH6,Charcani VI,2010,9,201009,5181.749128368395
CT1,C.T. Chilina,2010,10,201010,4067.670292225733
CT3,C.T. Mollendo,2010,10,201010,4331.562387828022
CT2,C.T. Pisco,2010,10,201010,5437.921684008563
CH1,Charcani I,2010,10,201010,1261.2524813089306
CH2,Charcani II,2010,10,201010,416.0864605190456
CH3,Charcani III,2010,10,201010,3396.261199354172
CH4,Charcani IV,2010,10,201010,9478.67315341305
CH5,Charcani V,2010,10,201010,52422.113841796876
CH6,Charcani VI,2010,10,201010,5711.486517719939
CT1,C.T. Chilina,2010,11,201011,4126.759945995121
CT3,C.T. Mollendo,2010,11,201011,5427.010878786921
CT2,C.T. Pisco,2010,11,201011,2834.560544385761
CH1,Charcani I,2010,11,201011,1188.1774732875824
CH2,Charcani II,2010,11,201011,400.2675311992168
CH3,Charcani III,2010,11,201011,3237.99384062767
CH4,Charcani IV,2010,11,201011,9180.815785758972
CH5,Charcani V,2010,11,201011,51126.45005357361
CH6,Charcani VI,2010,11,201011,5518.2244698247905
CT1,C.T. Chilina,2010,12,201012,1875.66157025367
CT3,C.T. Mollendo,2010,12,201012,4158.066952179432
CT2,C.T. Pisco,2010,12,201012,2365.4529200762213
CH1,Charcani I,2010,12,201012,1262.424566210687
CH2,Charcani II,2010,12,201012,416.36668202543257
CH3,Charcani III,2010,12,201012,3413.633210258484
CH4,Charcani IV,2010,12,201012,9655.309151371479
CH5,Charcani V,2010,12,201012,53430.38915255201
CH6,Charcani VI,2010,12,201012,5830.867653442383
CT1,C.T. Chilina,2011,1,201101,227.78874699795247
CT3,C.T. Mollendo,2011,1,201101,1535.990524071574
CT2,C.T. Pisco,2011,1,201101,8685.398433158167
CH1,Charcani I,2011,1,201101,1207.0789922816307
CH2,Charcani II,2011,1,201101,408.2869414499998
CH3,Charcani III,2011,1,201101,3419.4042980499266
CH4,Charcani IV,2011,1,201101,9714.034691018418
CH5,Charcani V,2011,1,201101,53273.10355971241
CH6,Charcani VI,2011,1,201101,5739.989499300182
CT1,C.T. Chilina,2011,2,201102,397.6912267580852
CT3,C.T. Mollendo,2011,2,201102,1222.0145874077082
CT2,C.T. Pisco,2011,2,201102,9124.35738573356
CH1,Charcani I,2011,2,201102,1054.894296883245
CH2,Charcani II,2011,2,201102,333.4420224043966
CH3,Charcani III,2011,2,201102,2805.489281229496
CH4,Charcani IV,2011,2,201102,9284.774156495876
CH5,Charcani V,2011,2,201102,60093.46979149914
CH6,Charcani VI,2011,2,201102,5234.883786066178
CT1,C.T. Chilina,2011,3,201103,907.8197566186996
CT3,C.T. Mollendo,2011,3,201103,1703.0328502503633
CT2,C.T. Pisco,2011,3,201103,8437.013343640503
CH1,Charcani I,2011,3,201103,1258.056147772281
CH2,Charcani II,2011,3,201103,388.3785523135662
CH3,Charcani III,2011,3,201103,3387.2493742675783
CH4,Charcani IV,2011,3,201103,11189.215335845947
CH5,Charcani V,2011,3,201103,83538.20458826565
CH6,Charcani VI,2011,3,201103,6175.937135103822
CT1,C.T. Chilina,2011,4,201104,3092.831339902845
CT3,C.T. Mollendo,2011,4,201104,4699.41064919889
CT2,C.T. Pisco,2011,4,201104,7798.378960457218
CH1,Charcani I,2011,4,201104,1212.4439470221996
CH2,Charcani II,2011,4,201104,372.0884097375624
CH3,Charcani III,2011,4,201104,3279.213490402222
CH4,Charcani IV,2011,4,201104,10582.717214276025
CH5,Charcani V,2011,4,201104,86712.17693347597
CH6,Charcani VI,2011,4,201104,5936.7419677206035
CT1,C.T. Chilina,2011,5,201105,2085.711052262228
CT3,C.T. Mollendo,2011,5,201105,1165.0581132555008
CT2,C.T. Pisco,2011,5,201105,6082.377162877913
CH1,Charcani I,2011,5,201105,1268.7508095932008
CH2,Charcani II,2011,5,201105,386.2679860985577
CH3,Charcani III,2011,5,201105,2590.9708085365296
CH4,Charcani IV,2011,5,201105,10256.305565242354
CH5,Charcani V,2011,5,201105,59285.08187654313
CH6,Charcani VI,2011,5,201105,6095.62865102756
CT1,C.T. Chilina,2011,6,201106,4014.4676780553164
CT3,C.T. Mollendo,2011,6,201106,0.0
CT2,C.T. Pisco,2011,6,201106,24810.059405179243
CH1,Charcani I,2011,6,201106,1232.53545362854
CH2,Charcani II,2011,6,201106,378.7332635731697
CH3,Charcani III,2011,6,201106,1647.3658139953613
CH4,Charcani IV,2011,6,201106,10068.501464260446
CH5,Charcani V,2011,6,201106,55853.03115130754
CH6,Charcani VI,2011,6,201106,5851.280196731567
CT1,C.T. Chilina,2011,7,201107,3198.1514387398984
CT3,C.T. Mollendo,2011,7,201107,0.0
CT2,C.T. Pisco,2011,7,201107,37948.8395941584
CH1,Charcani I,2011,7,201107,1263.2215428733825
CH2,Charcani II,2011,7,201107,410.095577348709
CH3,Charcani III,2011,7,201107,1704.8831944839264
CH4,Charcani IV,2011,7,201107,10302.198939664215
CH5,Charcani V,2011,7,201107,57883.3305575918
CH6,Charcani VI,2011,7,201107,6155.206978357315
CT1,C.T. Chilina,2011,8,201108,1692.6497240151064
CT3,C.T. Mollendo,2011,8,201108,0.0
CT2,C.T. Pisco,2011,8,201108,42469.36075173455
CH1,Charcani I,2011,8,201108,1244.5931648597718
CH2,Charcani II,2011,8,201108,404.64406528902055
CH3,Charcani III,2011,8,201108,1704.3226128540039
CH4,Charcani IV,2011,8,201108,10463.790614013671
CH5,Charcani V,2011,8,201108,57877.872728627386
CH6,Charcani VI,2011,8,201108,6179.436635864257
CT1,C.T. Chilina,2011,9,201109,1254.856283631621
CT3,C.T. Mollendo,2011,9,201109,0.0
CT2,C.T. Pisco,2011,9,201109,44905.25814831085
CH1,Charcani I,2011,9,201109,1180.837271891117
CH2,Charcani II,2011,9,201109,388.1495211977959
CH3,Charcani III,2011,9,201109,1780.533856529236
CH4,Charcani IV,2011,9,201109,9736.670247158603
CH5,Charcani V,2011,9,201109,54819.739561263086
CH6,Charcani VI,2011,9,201109,5763.4624348127845
CT1,C.T. Chilina,2011,10,201110,567.9821542898417
CT3,C.T. Mollendo,2011,10,201110,0.0
CT2,C.T. Pisco,2011,10,201110,39643.92722819656
CH1,Charcani I,2011,10,201110,1250.463297823906
CH2,Charcani II,2011,10,201110,381.6282287471313
CH3,Charcani III,2011,10,201110,3348.3111515045166
CH4,Charcani IV,2011,10,201110,10983.691762916089
CH5,Charcani V,2011,10,201110,62135.81989814734
CH6,Charcani VI,2011,10,201110,6489.8610170593265
CT1,C.T. Chilina,2011,11,201111,186.1500168595314
CT3,C.T. Mollendo,2011,11,201111,0.0
CT2,C.T. Pisco,2011,11,201111,37500.68979736915
CH1,Charcani I,2011,11,201111,1208.4666249590982
CH2,Charcani II,2011,11,201111,363.57094324366375
CH3,Charcani III,2011,11,201111,3149.449362896487
CH4,Charcani IV,2011,11,201111,9833.591336662617
CH5,Charcani V,2011,11,201111,58992.66890459013
CH6,Charcani VI,2011,11,201111,6065.308547748566
CT1,C.T. Chilina,2011,12,201112,1632.42310761501
CT3,C.T. Mollendo,2011,12,201112,0.0
CT2,C.T. Pisco,2011,12,201112,33658.03105455363
CH1,Charcani I,2011,12,201112,1233.7646927837734
CH2,Charcani II,2011,12,201112,415.4170520643145
CH3,Charcani III,2011,12,201112,1815.9001118016274
CH4,Charcani IV,2011,12,201112,10870.902487426833
CH5,Charcani V,2011,12,201112,62293.19438658905
CH6,Charcani VI,2011,12,201112,6322.787766771108
CT1,C.T. Chilina,2012,1,201201,1162.550748319344
CT3,C.T. Mollendo,2012,1,201201,0.0
CT2,C.T. Pisco,2012,1,201201,26519.837210011472
CH1,Charcani I,2012,1,201201,723.9874144841721
CH2,Charcani II,2012,1,201201,385.5546583483261
CH3,Charcani III,2012,1,201201,2085.745660660593
CH4,Charcani IV,2012,1,201201,10736.200967861918
CH5,Charcani V,2012,1,201201,66839.51772583008
CH6,Charcani VI,2012,1,201201,5790.974108253122
CT1,C.T. Chilina,2012,2,201202,2643.1304474136336
CT3,C.T. Mollendo,2012,2,201202,0.0
CT2,C.T. Pisco,2012,2,201202,24322.63074162289
CH1,Charcani I,2012,2,201202,550.5890736982972
CH2,Charcani II,2012,2,201202,241.91733143493533
CH3,Charcani III,2012,2,201202,1254.4672526655197
CH4,Charcani IV,2012,2,201202,9624.283445906385
CH5,Charcani V,2012,2,201202,63078.43249763241
CH6,Charcani VI,2012,2,201202,2591.849800226635
CT1,C.T. Chilina,2012,3,201203,5989.376603032671
CT3,C.T. Mollendo,2012,3,201203,0.0
CT2,C.T. Pisco,2012,3,201203,30238.364123698026
CH1,Charcani I,2012,3,201203,624.1888280080706
CH2,Charcani II,2012,3,201203,270.17114868170023
CH3,Charcani III,2012,3,201203,1505.2111209831237
CH4,Charcani IV,2012,3,201203,10475.1773358811
CH5,Charcani V,2012,3,201203,66778.79435365104
CH6,Charcani VI,2012,3,201203,1385.973312850356
CT1,C.T. Chilina,2012,4,201204,1790.480760814259
CT3,C.T. Mollendo,2012,4,201204,0.0
CT2,C.T. Pisco,2012,4,201204,26973.542507177426
CH1,Charcani I,2012,4,201204,610.4271412582398
CH2,Charcani II,2012,4,201204,271.3572604484558
CH3,Charcani III,2012,4,201204,1636.4305940704346
CH4,Charcani IV,2012,4,201204,10930.533770767212
CH5,Charcani V,2012,4,201204,62837.416838148354
CH6,Charcani VI,2012,4,201204,6311.774577636719
CT1,C.T. Chilina,2012,5,201205,974.9721697125333
CT3,C.T. Mollendo,2012,5,201205,0.0
CT2,C.T. Pisco,2012,5,201205,27099.426822193152
CH1,Charcani I,2012,5,201205,627.856569190979
CH2,Charcani II,2012,5,201205,318.93837810751796
CH3,Charcani III,2012,5,201205,1723.2182216186523
CH4,Charcani IV,2012,5,201205,9551.27650706482
CH5,Charcani V,2012,5,201205,63378.817250263215
CH6,Charcani VI,2012,5,201205,6161.712793270767
CT1,C.T. Chilina,2012,6,201206,713.2529747223854
CT3,C.T. Mollendo,2012,6,201206,0.0
CT2,C.T. Pisco,2012,6,201206,19329.830620353125
CH1,Charcani I,2012,6,201206,607.4927218914032
CH2,Charcani II,2012,6,201206,410.31327431726453
CH3,Charcani III,2012,6,201206,1652.3279102916717
CH4,Charcani IV,2012,6,201206,7598.957457066787
CH5,Charcani V,2012,6,201206,60512.404317016604
CH6,Charcani VI,2012,6,201206,6281.766771270752
CT1,C.T. Chilina,2012,7,201207,2535.7935940674674
CT3,C.T. Mollendo,2012,7,201207,0.0
CT2,C.T. Pisco,2012,7,201207,21911.982701379242
CH1,Charcani I,2012,7,201207,633.6665877304077
CH2,Charcani II,2012,7,201207,424.32234737968446
CH3,Charcani III,2012,7,201207,1681.993853342235
CH4,Charcani IV,2012,7,201207,10158.113968868256
CH5,Charcani V,2012,7,201207,58831.62591299297
CH6,Charcani VI,2012,7,201207,6094.457332435608
CT1,C.T. Chilina,2012,8,201208,908.4806279796809
CT3,C.T. Mollendo,2012,8,201208,0.0
CT2,C.T. Pisco,2012,8,201208,20912.115133114075
CH1,Charcani I,2012,8,201208,633.7279868087769
CH2,Charcani II,2012,8,201208,421.7025923347473
CH3,Charcani III,2012,8,201208,1920.099661989212
CH4,Charcani IV,2012,8,201208,9951.71763925934
CH5,Charcani V,2012,8,201208,55682.39289330876
CH6,Charcani VI,2012,8,201208,5971.3400930714015
CT1,C.T. Chilina,2012,9,201209,855.9518492484577
CT3,C.T. Mollendo,2012,9,201209,71.03213899940252
CT2,C.T. Pisco,2012,9,201209,17276.83490830803
CH1,Charcani I,2012,9,201209,605.1091452679634
CH2,Charcani II,2012,9,201209,412.13161763445646
CH3,Charcani III,2012,9,201209,3275.975934049606
CH4,Charcani IV,2012,9,201209,9234.413920917512
CH5,Charcani V,2012,9,201209,58253.90020332157
CH6,Charcani VI,2012,9,201209,6010.682914550781
CT1,C.T. Chilina,2012,10,201210,223.1474731732104
CT3,C.T. Mollendo,2012,10,201210,8.075
CT2,C.T. Pisco,2012,10,201210,13782.453311137404
CH1,Charcani I,2012,10,201210,607.6118532990797
CH2,Charcani II,2012,10,201210,411.86829569201274
CH3,Charcani III,2012,10,201210,3264.190015896219
CH4,Charcani IV,2012,10,201210,11112.634020950318
CH5,Charcani V,2012,10,201210,67095.69964953842
CH6,Charcani VI,2012,10,201210,6438.838041334897
CT1,C.T. Chilina,2012,11,201211,843.3231039910866
CT3,C.T. Mollendo,2012,11,201211,0.0
CT2,C.T. Pisco,2012,11,201211,19589.8097660563
CH1,Charcani I,2012,11,201211,605.9179913272858
CH2,Charcani II,2012,11,201211,416.6157302832939
CH3,Charcani III,2012,11,201211,3264.6422759053394
CH4,Charcani IV,2012,11,201211,10689.214641098291
CH5,Charcani V,2012,11,201211,65098.149744028095
CH6,Charcani VI,2012,11,201211,6205.380083336472
CT1,C.T. Chilina,2012,12,201212,552.6209024901688
CT3,C.T. Mollendo,2012,12,201212,0.4158309326171875
CT2,C.T. Pisco,2012,12,201212,14841.141294093148
CH1,Charcani I,2012,12,201212,628.6485213470459
CH2,Charcani II,2012,12,201212,428.48333523889556
CH3,Charcani III,2012,12,201212,3395.028728164673
CH4,Charcani IV,2012,12,201212,11337.074440905357
CH5,Charcani V,2012,12,201212,82843.23666377855
CH6,Charcani VI,2012,12,201212,6499.754998874899
CT1,C.T. Chilina,2013,1,201301,2416.057872621402
CT3,C.T. Mollendo,2013,1,201301,0.0
CT2,C.T. Pisco,2013,1,201301,9041.945231582642
CH1,Charcani I,2013,1,201301,631.1492367519849
CH2,Charcani II,2013,1,201301,429.31656674373056
CH3,Charcani III,2013,1,201301,3372.2504556686877
CH4,Charcani IV,2013,1,201301,11219.47469646526
CH5,Charcani V,2013,1,201301,101812.44392208672
CH6,Charcani VI,2013,1,201301,6134.903390173196
CT1,C.T. Chilina,2013,2,201302,2154.87338692239
CT3,C.T. Mollendo,2013,2,201302,0.0
CT2,C.T. Pisco,2013,2,201302,49.175872268676756
CH1,Charcani I,2013,2,201302,590.966964612355
CH2,Charcani II,2013,2,201302,277.36435227775576
CH3,Charcani III,2013,2,201302,3056.484215318082
CH4,Charcani IV,2013,2,201302,10232.57431565056
CH5,Charcani V,2013,2,201302,83310.87543804989
CH6,Charcani VI,2013,2,201302,0.0
CT1,C.T. Chilina,2013,3,201303,1246.7644311748738
CT3,C.T. Mollendo,2013,3,201303,0.0
CT2,C.T. Pisco,2013,3,201303,18765.93306800848
CH1,Charcani I,2013,3,201303,1233.5688150482179
CH2,Charcani II,2013,3,201303,288.85080212551355
CH3,Charcani III,2013,3,201303,3414.5175503497126
CH4,Charcani IV,2013,3,201303,11138.46232516296
CH5,Charcani V,2013,3,201303,98280.92928624916
CH6,Charcani VI,2013,3,201303,0.0
CT1,C.T. Chilina,2013,4,201304,285.9998755626231
CT3,C.T. Mollendo,2013,4,201304,0.0
CT2,C.T. Pisco,2013,4,201304,6801.184804172516
CH1,Charcani I,2013,4,201304,1205.8775521171754
CH2,Charcani II,2013,4,201304,321.3004533336407
CH3,Charcani III,2013,4,201304,3299.900384561539
CH4,Charcani IV,2013,4,201304,10880.011977004324
CH5,Charcani V,2013,4,201304,68949.08522786223
CH6,Charcani VI,2013,4,201304,277.5401676514447
CT1,C.T. Chilina,2013,5,201305,325.2603856661189
CT3,C.T. Mollendo,2013,5,201305,0.0
CT2,C.T. Pisco,2013,5,201305,24751.580225563383
CH1,Charcani I,2013,5,201305,1246.698345727027
CH2,Charcani II,2013,5,201305,425.4683859373927
CH3,Charcani III,2013,5,201305,3419.9589217147827
CH4,Charcani IV,2013,5,201305,9715.89861226362
CH5,Charcani V,2013,5,201305,64684.04647568834
CH6,Charcani VI,2013,5,201305,6292.8889191689495
CT1,C.T. Chilina,2013,6,201306,123.33837149617263
CT3,C.T. Mollendo,2013,6,201306,23.604629522204398
CT2,C.T. Pisco,2013,6,201306,41739.22037962226
CH1,Charcani I,2013,6,201306,1168.3010110034943
CH2,Charcani II,2013,6,201306,413.4342872338444
CH3,Charcani III,2013,6,201306,3305.2509636783598
CH4,Charcani IV,2013,6,201306,7355.40740296936
CH5,Charcani V,2013,6,201306,60348.953807189944
CH6,Charcani VI,2013,6,201306,6237.247820678711
CT1,C.T. Chilina,2013,7,201307,1623.0264195919726
CT3,C.T. Mollendo,2013,7,201307,0.0
CT2,C.T. Pisco,2013,7,201307,47416.43730078568
CH1,Charcani I,2013,7,201307,1248.0139783248883
CH2,Charcani II,2013,7,201307,429.72932094955445
CH3,Charcani III,2013,7,201307,3431.313900665283
CH4,Charcani IV,2013,7,201307,8285.305922498328
CH5,Charcani V,2013,7,201307,62388.34833064199
CH6,Charcani VI,2013,7,201307,6335.95846496582
CT1,C.T. Chilina,2013,8,201308,839.7251443780307
CT3,C.T. Mollendo,2013,8,201308,0.0
CT2,C.T. Pisco,2013,8,201308,46394.2312128098
CH1,Charcani I,2013,8,201308,1217.2505701657533
CH2,Charcani II,2013,8,201308,427.9098565206565
CH3,Charcani III,2013,8,201308,3418.97407160471
CH4,Charcani IV,2013,8,201308,8879.186891051293
CH5,Charcani V,2013,8,201308,62412.513141975876
CH6,Charcani VI,2013,8,201308,6410.784301147461
CT1,C.T. Chilina,2013,9,201309,465.46743006214757
CT3,C.T. Mollendo,2013,9,201309,0.0
CT2,C.T. Pisco,2013,9,201309,45761.36434727825
CH1,Charcani I,2013,9,201309,1185.4747858924866
CH2,Charcani II,2013,9,201309,417.21932557106015
CH3,Charcani III,2013,9,201309,3325.9528513183595
CH4,Charcani IV,2013,9,201309,10090.252881991879
CH5,Charcani V,2013,9,201309,60332.52543296635
CH6,Charcani VI,2013,9,201309,6103.524191317171
CT1,C.T. Chilina,2013,10,201310,0.0
CT3,C.T. Mollendo,2013,10,201310,0.0
CT2,C.T. Pisco,2013,10,201310,37097.56685379051
CH1,Charcani I,2013,10,201310,1237.8033917375574
CH2,Charcani II,2013,10,201310,427.21805486157535
CH3,Charcani III,2013,10,201310,3386.916105690718
CH4,Charcani IV,2013,10,201310,9943.93164821317
CH5,Charcani V,2013,10,201310,62332.13399850642
CH6,Charcani VI,2013,10,201310,6266.862001708984
CT1,C.T. Chilina,2013,11,201311,128.49245799999997
CT3,C.T. Mollendo,2013,11,201311,153.958886
CT2,C.T. Pisco,2013,11,201311,23174.75280199996
CH1,Charcani I,2013,11,201311,1177.3940130000008
CH2,Charcani II,2013,11,201311,404.14847700000007
CH3,Charcani III,2013,11,201311,3281.842360000001
CH4,Charcani IV,2013,11,201311,9799.75763800001
CH5,Charcani V,2013,11,201311,60323.09057400001
CH6,Charcani VI,2013,11,201311,5965.009373
CT1,C.T. Chilina,2013,12,201312,2007.9113281607338
CT3,C.T. Mollendo,2013,12,201312,534.5105652093491
CT2,C.T. Pisco,2013,12,201312,27672.192169736583
CH1,Charcani I,2013,12,201312,1235.0863861808778
CH2,Charcani II,2013,12,201312,421.31209973239896
CH3,Charcani III,2013,12,201312,2904.051776432991
CH4,Charcani IV,2013,12,201312,10614.636310174703
CH5,Charcani V,2013,12,201312,62350.432209173814
CH6,Charcani VI,2013,12,201312,6375.738048339844
CT1,C.T. Chilina,2014,1,201401,2182.1732648368393
CT3,C.T. Mollendo,2014,1,201401,1270.8546157256924
CT2,C.T. Pisco,2014,1,201401,43529.446769631504
CH1,Charcani I,2014,1,201401,1202.4395425236971
CH2,Charcani II,2014,1,201401,314.8569448276909
CH3,Charcani III,2014,1,201401,592.6672366443086
CH4,Charcani IV,2014,1,201401,10832.836949598312
CH5,Charcani V,2014,1,201401,73420.96434502816
CH6,Charcani VI,2014,1,201401,6268.08344292378
CT1,C.T. Chilina,2014,2,201402,580.2104047356881
CT3,C.T. Mollendo,2014,2,201402,1105.7981041573287
CT2,C.T. Pisco,2014,2,201402,38616.35947555924
CH1,Charcani I,2014,2,201402,855.3817313114107
CH2,Charcani II,2014,2,201402,211.93937978363036
CH3,Charcani III,2014,2,201402,0.0
CH4,Charcani IV,2014,2,201402,9117.991034734792
CH5,Charcani V,2014,2,201402,56051.01794719601
CH6,Charcani VI,2014,2,201402,5295.682840281964
CT1,C.T. Chilina,2014,3,201403,680.6343402123302
CT3,C.T. Mollendo,2014,3,201403,796.9836130945831
CT2,C.T. Pisco,2014,3,201403,43380.73439804527
CH1,Charcani I,2014,3,201403,1170.8850866508483
CH2,Charcani II,2014,3,201403,270.98756473209335
CH3,Charcani III,2014,3,201403,2614.60229654938
CH4,Charcani IV,2014,3,201403,9053.032055571512
CH5,Charcani V,2014,3,201403,51700.84003815463
CH6,Charcani VI,2014,3,201403,5283.586486526489
CT1,C.T. Chilina,2014,4,201404,1262.0726182696928
CT3,C.T. Mollendo,2014,4,201404,528.3553818118572
CT2,C.T. Pisco,2014,4,201404,45666.40994191379
CH1,Charcani I,2014,4,201404,1072.878728712082
CH2,Charcani II,2014,4,201404,384.6836708867345
CH3,Charcani III,2014,4,201404,3117.2985693740843
CH4,Charcani IV,2014,4,201404,6842.683341998689
CH5,Charcani V,2014,4,201404,39362.04604157464
CH6,Charcani VI,2014,4,201404,3827.579864587307
CT1,C.T. Chilina,2014,5,201405,92.11546311283112
CT3,C.T. Mollendo,2014,5,201405,190.25129202651976
CT2,C.T. Pisco,2014,5,201405,49387.20972079828
CH1,Charcani I,2014,5,201405,1098.3018227392436
CH2,Charcani II,2014,5,201405,415.22017287676783
CH3,Charcani III,2014,5,201405,3234.266577199936
CH4,Charcani IV,2014,5,201405,6931.926872235598
CH5,Charcani V,2014,5,201405,40075.81594108483
CH6,Charcani VI,2014,5,201405,3918.0865740720333
CT1,C.T. Chilina,2014,6,201406,214.02606127633155
CT3,C.T. Mollendo,2014,6,201406,216.86753038510795
CT2,C.T. Pisco,2014,6,201406,47650.170221325774
CH1,Charcani I,2014,6,201406,1098.9752484359742
CH2,Charcani II,2014,6,201406,414.0306646680832
CH3,Charcani III,2014,6,201406,3145.7220567257405
CH4,Charcani IV,2014,6,201406,6680.622940156449
CH5,Charcani V,2014,6,201406,38784.62949265528
CH6,Charcani VI,2014,6,201406,3916.8904439697267
CT1,C.T. Chilina,2014,7,201407,91.40732521748542
CT3,C.T. Mollendo,2014,7,201407,150.01417958068848
CT2,C.T. Pisco,2014,7,201407,48156.24410750359
CH1,Charcani I,2014,7,201407,1136.0918640470504
CH2,Charcani II,2014,7,201407,420.1187231514454
CH3,Charcani III,2014,7,201407,3290.4524898508644
CH4,Charcani IV,2014,7,201407,6949.4157806999165
CH5,Charcani V,2014,7,201407,40053.89702160297
CH6,Charcani VI,2014,7,201407,4051.184305923462
CT1,C.T. Chilina,2014,8,201408,195.48989790164268
CT3,C.T. Mollendo,2014,8,201408,62.97277479171753
CT2,C.T. Pisco,2014,8,201408,49988.662276394905
CH1,Charcani I,2014,8,201408,1118.8994636154175
CH2,Charcani II,2014,8,201408,430.71252576946466
CH3,Charcani III,2014,8,201408,3268.291590170622
CH4,Charcani IV,2014,8,201408,6968.049401327509
CH5,Charcani V,2014,8,201408,40064.42321689893
CH6,Charcani VI,2014,8,201408,4073.7167359706164
CT1,C.T. Chilina,2014,9,201409,258.60138225409304
CT3,C.T. Mollendo,2014,9,201409,72.79603935527801
CT2,C.T. Pisco,2014,9,201409,47237.24426004571
CH1,Charcani I,2014,9,201409,1156.196329243183
CH2,Charcani II,2014,9,201409,412.00408292138576
CH3,Charcani III,2014,9,201409,3312.988689704895
CH4,Charcani IV,2014,9,201409,7432.7802034501
CH5,Charcani V,2014,9,201409,43107.16132881981
CH6,Charcani VI,2014,9,201409,4414.363474182129
CT1,C.T. Chilina,2014,10,201410,31.688805825710297
CT3,C.T. Mollendo,2014,10,201410,0.0
CT2,C.T. Pisco,2014,10,201410,48877.74675253471
CH1,Charcani I,2014,10,201410,1238.1504579725265
CH2,Charcani II,2014,10,201410,422.76516068649295
CH3,Charcani III,2014,10,201410,1721.2863049468995
CH4,Charcani IV,2014,10,201410,8509.32271165694
CH5,Charcani V,2014,10,201410,48976.04844753389
CH6,Charcani VI,2014,10,201410,5047.900140060425
CT1,C.T. Chilina,2014,11,201411,12.160036163330078
CT3,C.T. Mollendo,2014,11,201411,54.085257026672366
CT2,C.T. Pisco,2014,11,201411,31063.386608053537
CH1,Charcani I,2014,11,201411,1128.6859249272347
CH2,Charcani II,2014,11,201411,401.9390949806273
CH3,Charcani III,2014,11,201411,2821.7389138575195
CH4,Charcani IV,2014,11,201411,7445.834464733313
CH5,Charcani V,2014,11,201411,43087.97538665819
CH6,Charcani VI,2014,11,201411,4384.969516538233
CT1,C.T. Chilina,2014,12,201412,19.247279303436166
CT3,C.T. Mollendo,2014,12,201412,35.13867086315155
CT2,C.T. Pisco,2014,12,201412,32968.75450956596
CH1,Charcani I,2014,12,201412,1127.4249932289124
CH2,Charcani II,2014,12,201412,428.4537772446871
CH3,Charcani III,2014,12,201412,3406.5444654464723
CH4,Charcani IV,2014,12,201412,7258.203245944146
CH5,Charcani V,2014,12,201412,44312.25541892743
CH6,Charcani VI,2014,12,201412,4354.97448727417
CT1,C.T. Chilina,2015,1,201501,4.238162689208984
CT3,C.T. Mollendo,2015,1,201501,0.0
CT2,C.T. Pisco,2015,1,201501,36060.101725511675
CH1,Charcani I,2015,1,201501,1105.527889747305
CH2,Charcani II,2015,1,201501,427.1657991910279
CH3,Charcani III,2015,1,201501,3349.988251678467
CH4,Charcani IV,2015,1,201501,7147.190640218042
CH5,Charcani V,2015,1,201501,41807.490688243444
CH6,Charcani VI,2015,1,201501,4066.7614319071768
CT1,C.T. Chilina,2015,2,201502,247.57130932295323
CT3,C.T. Mollendo,2015,2,201502,134.13401161265372
CT2,C.T. Pisco,2015,2,201502,25656.194539141194
CH1,Charcani I,2015,2,201502,1003.6105654096604
CH2,Charcani II,2015,2,201502,377.13250093684394
CH3,Charcani III,2015,2,201502,2825.0781262073515
CH4,Charcani IV,2015,2,201502,5966.783980163101
CH5,Charcani V,2015,2,201502,36195.08517721093
CH6,Charcani VI,2015,2,201502,3142.937450592041
CT1,C.T. Chilina,2015,3,201503,125.62902159214019
CT3,C.T. Mollendo,2015,3,201503,172.10644997119903
CT2,C.T. Pisco,2015,3,201503,42248.18782970047
CH1,Charcani I,2015,3,201503,1166.6076776237487
CH2,Charcani II,2015,3,201503,410.1952079001069
CH3,Charcani III,2015,3,201503,3223.1161527996064
CH4,Charcani IV,2015,3,201503,8533.297548371409
CH5,Charcani V,2015,3,201503,64052.86328314013
CH6,Charcani VI,2015,3,201503,5191.039983005082
CT1,C.T. Chilina,2015,4,201504,230.75836864578724
CT3,C.T. Mollendo,2015,4,201504,134.50304381770658
CT2,C.T. Pisco,2015,4,201504,37829.03940967795
CH1,Charcani I,2015,4,201504,1176.7052467250824
CH2,Charcani II,2015,4,201504,400.8432018672228
CH3,Charcani III,2015,4,201504,3266.167498565078
CH4,Charcani IV,2015,4,201504,7769.3362396113425
CH5,Charcani V,2015,4,201504,44365.359786102454
CH6,Charcani VI,2015,4,201504,4598.5341509552
CT1,C.T. Chilina,2015,5,201505,0.3230649585042596
CT3,C.T. Mollendo,2015,5,201505,0.6063147397480011
CT2,C.T. Pisco,2015,5,201505,41.749716275364754
CH1,Charcani I,2015,5,201505,1.2086681726305886
CH2,Charcani II,2015,5,201505,0.41654634586551786
CH3,Charcani III,2015,5,201505,3.3121084911794143
CH4,Charcani IV,2015,5,201505,7.6908939056956545
CH5,Charcani V,2015,5,201505,44.5036206350379
CH6,Charcani VI,2015,5,201505,4.599028068756104
CT1,C.T. Chilina,2015,6,201506,16.597570284843446
CT3,C.T. Mollendo,2015,6,201506,502.6320860786438
CT2,C.T. Pisco,2015,6,201506,47462.31341056654
CH1,Charcani I,2015,6,201506,1166.66325719136
CH2,Charcani II,2015,6,201506,403.6656910700798
CH3,Charcani III,2015,6,201506,3169.9234808094484
CH4,Charcani IV,2015,6,201506,7385.448930992777
CH5,Charcani V,2015,6,201506,43096.951691213726
CH6,Charcani VI,2015,6,201506,4295.34857208401
CT1,C.T. Chilina,2015,7,201507,85.31159786272049
CT3,C.T. Mollendo,2015,7,201507,341.0587490897179
CT2,C.T. Pisco,2015,7,201507,51551.48035211086
CH1,Charcani I,2015,7,201507,1198.4925403110533
CH2,Charcani II,2015,7,201507,406.66997948289475
CH3,Charcani III,2015,7,201507,3170.050357916582
CH4,Charcani IV,2015,7,201507,7588.268078149029
CH5,Charcani V,2015,7,201507,44524.1972106877
CH6,Charcani VI,2015,7,201507,4501.198914730549
CT1,C.T. Chilina,2015,8,201508,577.4364867223734
CT3,C.T. Mollendo,2015,8,201508,721.1484546088874
CT2,C.T. Pisco,2015,8,201508,50818.321918563845
CH1,Charcani I,2015,8,201508,1174.764772605896
CH2,Charcani II,2015,8,201508,384.024788333416
CH3,Charcani III,2015,8,201508,3341.347994407654
CH4,Charcani IV,2015,8,201508,7515.938109892705
CH5,Charcani V,2015,8,201508,44554.45585991368
CH6,Charcani VI,2015,8,201508,4429.292749153137
CT1,C.T. Chilina,2015,9,201509,1815.0440588149042
CT3,C.T. Mollendo,2015,9,201509,1808.294209759295
CT2,C.T. Pisco,2015,9,201509,42387.309499099734
CH1,Charcani I,2015,9,201509,1146.9182189064027
CH2,Charcani II,2015,9,201509,411.4346885513514
CH3,Charcani III,2015,9,201509,3219.5738123779297
CH4,Charcani IV,2015,9,201509,7302.779512624129
CH5,Charcani V,2015,9,201509,43127.46291067296
CH6,Charcani VI,2015,9,201509,4054.6364972783326
CT1,C.T. Chilina,2015,10,201510,1447.8154738232736
CT3,C.T. Mollendo,2015,10,201510,2291.654557967842
CT2,C.T. Pisco,2015,10,201510,51612.7540723114
CH1,Charcani I,2015,10,201510,1149.7089437961579
CH2,Charcani II,2015,10,201510,421.6233477189448
CH3,Charcani III,2015,10,201510,3323.8938144836425
CH4,Charcani IV,2015,10,201510,7204.299273148993
CH5,Charcani V,2015,10,201510,44536.17228458923
CH6,Charcani VI,2015,10,201510,4241.277098126471
CT1,C.T. Chilina,2015,11,201511,689.632013938427
CT3,C.T. Mollendo,2015,11,201511,1077.477627523519
CT2,C.T. Pisco,2015,11,201511,49223.639513363996
CH1,Charcani I,2015,11,201511,1124.6194129614448
CH2,Charcani II,2015,11,201511,393.1489454676844
CH3,Charcani III,2015,11,201511,2409.5025884563925
CH4,Charcani IV,2015,11,201511,7187.023684018101
CH5,Charcani V,2015,11,201511,43102.14701284355
CH6,Charcani VI,2015,11,201511,4279.437316711425
CT1,C.T. Chilina,2015,12,201512,1579.0818650532196
CT3,C.T. Mollendo,2015,12,201512,293.8953008387211
CT2,C.T. Pisco,2015,12,201512,47491.39916323471
CH1,Charcani I,2015,12,201512,1168.9867316932678
CH2,Charcani II,2015,12,201512,415.8884233455658
CH3,Charcani III,2015,12,201512,2515.4618265559675
CH4,Charcani IV,2015,12,201512,7584.323102279777
CH5,Charcani V,2015,12,201512,44535.209489450215
CH6,Charcani VI,2015,12,201512,4449.708523620606
CT1,C.T. Chilina,2016,1,201601,3033.2079785186447
CT3,C.T. Mollendo,2016,1,201601,4696.542752520085
CT2,C.T. Pisco,2016,1,201601,30896.33098474121
CH1,Charcani I,2016,1,201601,1200.312704513073
CH2,Charcani II,2016,1,201601,417.6062003593445
CH3,Charcani III,2016,1,201601,3348.0482308654787
CH4,Charcani IV,2016,1,201601,7625.759758838921
CH5,Charcani V,2016,1,201601,44560.97014836788
CH6,Charcani VI,2016,1,201601,4414.369461181641
CT1,C.T. Chilina,2016,2,201602,2170.004748782711
CT3,C.T. Mollendo,2016,2,201602,2367.8451050319673
CT2,C.T. Pisco,2016,2,201602,40302.36839498794
CH1,Charcani I,2016,2,201602,595.6276582250595
CH2,Charcani II,2016,2,201602,355.8363768712913
CH3,Charcani III,2016,2,201602,2962.1097830429076
CH4,Charcani IV,2016,2,201602,7253.519883217443
CH5,Charcani V,2016,2,201602,51114.30273157857
CH6,Charcani VI,2016,2,201602,4126.763781112313
CT1,C.T. Chilina,2016,3,201603,412.25784532274827
CT3,C.T. Mollendo,2016,3,201603,341.3649077459574
CT2,C.T. Pisco,2016,3,201603,37376.76707093048
CH1,Charcani I,2016,3,201603,1109.2467762002946
CH2,Charcani II,2016,3,201603,413.0462167046964
CH3,Charcani III,2016,3,201603,3255.686060920715
CH4,Charcani IV,2016,3,201603,7647.270884262018
CH5,Charcani V,2016,3,201603,45291.948927784564
CH6,Charcani VI,2016,3,201603,4482.7830884604455
CT1,C.T. Chilina,2016,4,201604,289.04504639539124
CT3,C.T. Mollendo,2016,4,201604,353.19134563095093
CT2,C.T. Pisco,2016,4,201604,44975.4792081064
CH1,Charcani I,2016,4,201604,1127.1815622558593
CH2,Charcani II,2016,4,201604,403.44700989043713
CH3,Charcani III,2016,4,201604,3265.252550048828
CH4,Charcani IV,2016,4,201604,7324.990323929098
CH5,Charcani V,2016,4,201604,43101.63044588053
CH6,Charcani VI,2016,4,201604,4195.4086586605645
CT1,C.T. Chilina,2016,5,201605,1665.3237643768803
CT3,C.T. Mollendo,2016,5,201605,2436.2082337722777
CT2,C.T. Pisco,2016,5,201605,49165.36256439209
CH1,Charcani I,2016,5,201605,1133.309550703585
CH2,Charcani II,2016,5,201605,410.37314902994035
CH3,Charcani III,2016,5,201605,3232.8522047691345
CH4,Charcani IV,2016,5,201605,7284.2653905498155
CH5,Charcani V,2016,5,201605,44554.94951600933
CH6,Charcani VI,2016,5,201605,4473.874149074629
CT1,C.T. Chilina,2016,6,201606,2753.17538010966
CT3,C.T. Mollendo,2016,6,201606,2605.051939955388
CT2,C.T. Pisco,2016,6,201606,46126.45934021092
CH1,Charcani I,2016,6,201606,1135.6820825748443
CH2,Charcani II,2016,6,201606,394.81751075506213
CH3,Charcani III,2016,6,201606,3255.714926147461
CH4,Charcani IV,2016,6,201606,7247.124536364473
CH5,Charcani V,2016,6,201606,43092.40117375446
CH6,Charcani VI,2016,6,201606,4304.771515109608
CT1,C.T. Chilina,2016,7,201607,3165.77692941585
CT3,C.T. Mollendo,2016,7,201607,1853.8933575649262
CT2,C.T. Pisco,2016,7,201607,48407.2893434267
CH1,Charcani I,2016,7,201607,1181.7816621814668
CH2,Charcani II,2016,7,201607,287.22852809858324
CH3,Charcani III,2016,7,201607,3359.2217099432946
CH4,Charcani IV,2016,7,201607,7492.95444324463
CH5,Charcani V,2016,7,201607,44548.84962008339
CH6,Charcani VI,2016,7,201607,4513.097404510498
CT1,C.T. Chilina,2016,8,201608,4587.871095219732
CT3,C.T. Mollendo,2016,8,201608,2984.2870704990028
CT2,C.T. Pisco,2016,8,201608,50743.65736797333
CH1,Charcani I,2016,8,201608,1185.200271194458
CH2,Charcani II,2016,8,201608,401.3107072790563
CH3,Charcani III,2016,8,201608,3320.362303073883
CH4,Charcani IV,2016,8,201608,7411.676492718809
CH5,Charcani V,2016,8,201608,44536.92221206226
CH6,Charcani VI,2016,8,201608,4425.335298080325
CT1,C.T. Chilina,2016,9,201609,4150.311539648115
CT3,C.T. Mollendo,2016,9,201609,1357.986030913353
CT2,C.T. Pisco,2016,9,201609,45292.57699559784
CH1,Charcani I,2016,9,201609,1181.4739502506256
CH2,Charcani II,2016,9,201609,411.9161731491089
CH3,Charcani III,2016,9,201609,3241.1074496307374
CH4,Charcani IV,2016,9,201609,7936.217680957049
CH5,Charcani V,2016,9,201609,47393.73596760258
CH6,Charcani VI,2016,9,201609,4583.028635757983
CT1,C.T. Chilina,2016,10,201610,1179.184009163741
CT3,C.T. Mollendo,2016,10,201610,391.94481658935547
CT2,C.T. Pisco,2016,10,201610,52765.77862213135
CH1,Charcani I,2016,10,201610,1245.8837871708824
CH2,Charcani II,2016,10,201610,423.4690746847391
CH3,Charcani III,2016,10,201610,3349.2047584789993
CH4,Charcani IV,2016,10,201610,8130.644960973638
CH5,Charcani V,2016,10,201610,48996.12168184519
CH6,Charcani VI,2016,10,201610,4722.47343086349
CT1,C.T. Chilina,2016,11,201611,3528.3792942172886
CT3,C.T. Mollendo,2016,11,201611,4093.630712813681
CT2,C.T. Pisco,2016,11,201611,49098.927560961965
CH1,Charcani I,2016,11,201611,1178.932824564457
CH2,Charcani II,2016,11,201611,403.9008293486834
CH3,Charcani III,2016,11,201611,3199.8066374282835
CH4,Charcani IV,2016,11,201611,7772.502299695075
CH5,Charcani V,2016,11,201611,47409.62011308485
CH6,Charcani VI,2016,11,201611,4106.371451142106
CT1,C.T. Chilina,2016,12,201612,1063.993421485044
CT3,C.T. Mollendo,2016,12,201612,1769.7623848691117
CT2,C.T. Pisco,2016,12,201612,44732.82443371582
CH1,Charcani I,2016,12,201612,1245.6465469417572
CH2,Charcani II,2016,12,201612,420.5888626348972
CH3,Charcani III,2016,12,201612,3378.462473684458
CH4,Charcani IV,2016,12,201612,7774.050462957479
CH5,Charcani V,2016,12,201612,46748.36832738648
CH6,Charcani VI,2016,12,201612,4463.213589525104
CT1,C.T. Chilina,2017,1,201701,712.9039446232096
CT3,C.T. Mollendo,2017,1,201701,1338.8287362799645
CT2,C.T. Pisco,2017,1,201701,35832.49470420088
CH1,Charcani I,2017,1,201701,1131.6971148209116
CH2,Charcani II,2017,1,201701,404.734522462212
CH3,Charcani III,2017,1,201701,3164.3521362183096
CH4,Charcani IV,2017,1,201701,7358.159669837241
CH5,Charcani V,2017,1,201701,44993.962609077455
CH6,Charcani VI,2017,1,201701,4089.3768671579624
CT1,C.T. Chilina,2017,2,201702,
CT3,C.T. Mollendo,2017,2,201702,
CT2,C.T. Pisco,2017,2,201702,
CH1,Charcani I,2017,2,201702,
CH2,Charcani II,2017,2,201702,
CH3,Charcani III,2017,2,201702,
CH4,Charcani IV,2017,2,201702,
CH5,Charcani V,2017,2,201702,
CH6,Charcani VI,2017,2,201702,
CT1,C.T. Chilina,2017,3,201703,
CT3,C.T. Mollendo,2017,3,201703,
CT2,C.T. Pisco,2017,3,201703,
CH1,Charcani I,2017,3,201703,
CH2,Charcani II,2017,3,201703,
CH3,Charcani III,2017,3,201703,
CH4,Charcani IV,2017,3,201703,
CH5,Charcani V,2017,3,201703,
CH6,Charcani VI,2017,3,201703,
CT1,C.T. Chilina,2017,4,201704,
CT3,C.T. Mollendo,2017,4,201704,
CT2,C.T. Pisco,2017,4,201704,
CH1,Charcani I,2017,4,201704,
CH2,Charcani II,2017,4,201704,
CH3,Charcani III,2017,4,201704,
CH4,Charcani IV,2017,4,201704,
CH5,Charcani V,2017,4,201704,
CH6,Charcani VI,2017,4,201704,
CT1,C.T. Chilina,2017,5,201705,
CT3,C.T. Mollendo,2017,5,201705,
CT2,C.T. Pisco,2017,5,201705,
CH1,Charcani I,2017,5,201705,
CH2,Charcani II,2017,5,201705,
CH3,Charcani III,2017,5,201705,
CH4,Charcani IV,2017,5,201705,
CH5,Charcani V,2017,5,201705,
CH6,Charcani VI,2017,5,201705,
CT1,C.T. Chilina,2017,6,201706,
CT3,C.T. Mollendo,2017,6,201706,
CT2,C.T. Pisco,2017,6,201706,
CH1,Charcani I,2017,6,201706,
CH2,Charcani II,2017,6,201706,
CH3,Charcani III,2017,6,201706,
CH4,Charcani IV,2017,6,201706,
CH5,Charcani V,2017,6,201706,
CH6,Charcani VI,2017,6,201706,
CT1,C.T. Chilina,2017,7,201707,
CT3,C.T. Mollendo,2017,7,201707,
CT2,C.T. Pisco,2017,7,201707,
CH1,Charcani I,2017,7,201707,
CH2,Charcani II,2017,7,201707,
CH3,Charcani III,2017,7,201707,
CH4,Charcani IV,2017,7,201707,
CH5,Charcani V,2017,7,201707,
CH6,Charcani VI,2017,7,201707,
CT1,C.T. Chilina,2017,8,201708,
CT3,C.T. Mollendo,2017,8,201708,
CT2,C.T. Pisco,2017,8,201708,
CH1,Charcani I,2017,8,201708,
CH2,Charcani II,2017,8,201708,
CH3,Charcani III,2017,8,201708,
CH4,Charcani IV,2017,8,201708,
CH5,Charcani V,2017,8,201708,
CH6,Charcani VI,2017,8,201708,
CT1,C.T. Chilina,2017,9,201709,
CT3,C.T. Mollendo,2017,9,201709,
CT2,C.T. Pisco,2017,9,201709,
CH1,Charcani I,2017,9,201709,
CH2,Charcani II,2017,9,201709,
CH3,Charcani III,2017,9,201709,
CH4,Charcani IV,2017,9,201709,
CH5,Charcani V,2017,9,201709,
CH6,Charcani VI,2017,9,201709,
CT1,C.T. Chilina,2017,10,201710,
CT3,C.T. Mollendo,2017,10,201710,
CT2,C.T. Pisco,2017,10,201710,
CH1,Charcani I,2017,10,201710,
CH2,Charcani II,2017,10,201710,
CH3,Charcani III,2017,10,201710,
CH4,Charcani IV,2017,10,201710,
CH5,Charcani V,2017,10,201710,
CH6,Charcani VI,2017,10,201710,
CT1,C.T. Chilina,2017,11,201711,
CT3,C.T. Mollendo,2017,11,201711,
CT2,C.T. Pisco,2017,11,201711,
CH1,Charcani I,2017,11,201711,
CH2,Charcani II,2017,11,201711,
CH3,Charcani III,2017,11,201711,
CH4,Charcani IV,2017,11,201711,
CH5,Charcani V,2017,11,201711,
CH6,Charcani VI,2017,11,201711,
CT1,C.T. Chilina,2017,12,201712,
CT3,C.T. Mollendo,2017,12,201712,
CT2,C.T. Pisco,2017,12,201712,
CH1,Charcani I,2017,12,201712,
CH2,Charcani II,2017,12,201712,
CH3,Charcani III,2017,12,201712,
CH4,Charcani IV,2017,12,201712,
CH5,Charcani V,2017,12,201712,
CH6,Charcani VI,2017,12,201712,
CT1,C.T. Chilina,2018,1,201801,
CT3,C.T. Mollendo,2018,1,201801,
CT2,C.T. Pisco,2018,1,201801,
CH1,Charcani I,2018,1,201801,
CH2,Charcani II,2018,1,201801,
CH3,Charcani III,2018,1,201801,
CH4,Charcani IV,2018,1,201801,
CH5,Charcani V,2018,1,201801,
CH6,Charcani VI,2018,1,201801,
CT1,C.T. Chilina,2018,2,201802,
CT3,C.T. Mollendo,2018,2,201802,
CT2,C.T. Pisco,2018,2,201802,
CH1,Charcani I,2018,2,201802,
CH2,Charcani II,2018,2,201802,
CH3,Charcani III,2018,2,201802,
CH4,Charcani IV,2018,2,201802,
CH5,Charcani V,2018,2,201802,
CH6,Charcani VI,2018,2,201802,
CT1,C.T. Chilina,2018,3,201803,
CT3,C.T. Mollendo,2018,3,201803,
CT2,C.T. Pisco,2018,3,201803,
CH1,Charcani I,2018,3,201803,
CH2,Charcani II,2018,3,201803,
CH3,Charcani III,2018,3,201803,
CH4,Charcani IV,2018,3,201803,
CH5,Charcani V,2018,3,201803,
CH6,Charcani VI,2018,3,201803,
CT1,C.T. Chilina,2018,4,201804,
CT3,C.T. Mollendo,2018,4,201804,
CT2,C.T. Pisco,2018,4,201804,
CH1,Charcani I,2018,4,201804,
CH2,Charcani II,2018,4,201804,
CH3,Charcani III,2018,4,201804,
CH4,Charcani IV,2018,4,201804,
CH5,Charcani V,2018,4,201804,
CH6,Charcani VI,2018,4,201804,
CT1,C.T. Chilina,2018,5,201805,
CT3,C.T. Mollendo,2018,5,201805,
CT2,C.T. Pisco,2018,5,201805,
CH1,Charcani I,2018,5,201805,
CH2,Charcani II,2018,5,201805,
CH3,Charcani III,2018,5,201805,
CH4,Charcani IV,2018,5,201805,
CH5,Charcani V,2018,5,201805,
CH6,Charcani VI,2018,5,201805,
CT1,C.T. Chilina,2018,6,201806,
CT3,C.T. Mollendo,2018,6,201806,
CT2,C.T. Pisco,2018,6,201806,
CH1,Charcani I,2018,6,201806,
CH2,Charcani II,2018,6,201806,
CH3,Charcani III,2018,6,201806,
CH4,Charcani IV,2018,6,201806,
CH5,Charcani V,2018,6,201806,
CH6,Charcani VI,2018,6,201806,
CT1,C.T. Chilina,2018,7,201807,
CT3,C.T. Mollendo,2018,7,201807,
CT2,C.T. Pisco,2018,7,201807,
CH1,Charcani I,2018,7,201807,
CH2,Charcani II,2018,7,201807,
CH3,Charcani III,2018,7,201807,
CH4,Charcani IV,2018,7,201807,
CH5,Charcani V,2018,7,201807,
CH6,Charcani VI,2018,7,201807,
CT1,C.T. Chilina,2018,8,201808,
CT3,C.T. Mollendo,2018,8,201808,
CT2,C.T. Pisco,2018,8,201808,
CH1,Charcani I,2018,8,201808,
CH2,Charcani II,2018,8,201808,
CH3,Charcani III,2018,8,201808,
CH4,Charcani IV,2018,8,201808,
CH5,Charcani V,2018,8,201808,
CH6,Charcani VI,2018,8,201808,
CT1,C.T. Chilina,2018,9,201809,
CT3,C.T. Mollendo,2018,9,201809,
CT2,C.T. Pisco,2018,9,201809,
CH1,Charcani I,2018,9,201809,
CH2,Charcani II,2018,9,201809,
CH3,Charcani III,2018,9,201809,
CH4,Charcani IV,2018,9,201809,
CH5,Charcani V,2018,9,201809,
CH6,Charcani VI,2018,9,201809,
CT1,C.T. Chilina,2018,10,201810,
CT3,C.T. Mollendo,2018,10,201810,
CT2,C.T. Pisco,2018,10,201810,
CH1,Charcani I,2018,10,201810,
CH2,Charcani II,2018,10,201810,
CH3,Charcani III,2018,10,201810,
CH4,Charcani IV,2018,10,201810,
CH5,Charcani V,2018,10,201810,
CH6,Charcani VI,2018,10,201810,
CT1,C.T. Chilina,2018,11,201811,
CT3,C.T. Mollendo,2018,11,201811,
CT2,C.T. Pisco,2018,11,201811,
CH1,Charcani I,2018,11,201811,
CH2,Charcani II,2018,11,201811,
CH3,Charcani III,2018,11,201811,
CH4,Charcani IV,2018,11,201811,
CH5,Charcani V,2018,11,201811,
CH6,Charcani VI,2018,11,201811,
CT1,C.T. Chilina,2018,12,201812,
CT3,C.T. Mollendo,2018,12,201812,
CT2,C.T. Pisco,2018,12,201812,
CH1,Charcani I,2018,12,201812,
CH2,Charcani II,2018,12,201812,
CH3,Charcani III,2018,12,201812,
CH4,Charcani IV,2018,12,201812,
CH5,Charcani V,2018,12,201812,
CH6,Charcani VI,2018,12,201812,
CT1,C.T. Chilina,2019,1,201901,0.0
CT3,C.T. Mollendo,2019,1,201901,0.6893551330566406
CT2,C.T. Pisco,2019,1,201901,9619.719992015493
CH1,Charcani I,2019,1,201901,1240.9939297561646
CH2,Charcani II,2019,1,201901,418.88091194474697
CH3,Charcani III,2019,1,201901,3355.0789591379166
CH4,Charcani IV,2019,1,201901,9128.76185410163
CH5,Charcani V,2019,1,201901,55201.711550794425
CH6,Charcani VI,2019,1,201901,5588.760960356424
CT1,C.T. Chilina,2019,2,201902,66.18188396835328
CT3,C.T. Mollendo,2019,2,201902,61.43132326665672
CT2,C.T. Pisco,2019,2,201902,11918.381523643762
CH1,Charcani I,2019,2,201902,998.7037812924385
CH2,Charcani II,2019,2,201902,312.43324025306197
CH3,Charcani III,2019,2,201902,2734.193224857211
CH4,Charcani IV,2019,2,201902,7711.160710365634
CH5,Charcani V,2019,2,201902,81546.70519847218
CH6,Charcani VI,2019,2,201902,4238.717061753089
CT1,C.T. Chilina,2019,3,201903,1.0150506439208984
CT3,C.T. Mollendo,2019,3,201903,9.166002975463867
CT2,C.T. Pisco,2019,3,201903,9415.291729924218
CH1,Charcani I,2019,3,201903,1234.4385763149262
CH2,Charcani II,2019,3,201903,413.7120206327438
CH3,Charcani III,2019,3,201903,3343.8868275756836
CH4,Charcani IV,2019,3,201903,8815.533141732412
CH5,Charcani V,2019,3,201903,88417.85891807804
CH6,Charcani VI,2019,3,201903,5939.805844249585
CT1,C.T. Chilina,2019,4,201904,26.919346852381846
CT3,C.T. Mollendo,2019,4,201904,0.0
CT2,C.T. Pisco,2019,4,201904,0.0
CH1,Charcani I,2019,4,201904,1199.7256251044273
CH2,Charcani II,2019,4,201904,407.00295605832906
CH3,Charcani III,2019,4,201904,3273.7390476379396
CH4,Charcani IV,2019,4,201904,9375.892400935903
CH5,Charcani V,2019,4,201904,70217.66002231008
CH6,Charcani VI,2019,4,201904,5599.50604616659
CT1,C.T. Chilina,2019,5,201905,0.0
CT3,C.T. Mollendo,2019,5,201905,20.240179656982423
CT2,C.T. Pisco,2019,5,201905,0.0
CH1,Charcani I,2019,5,201905,1243.993311264038
CH2,Charcani II,2019,5,201905,415.0450676715374
CH3,Charcani III,2019,5,201905,3325.717076309204
CH4,Charcani IV,2019,5,201905,8551.353337498496
CH5,Charcani V,2019,5,201905,53420.797183747636
CH6,Charcani VI,2019,5,201905,4186.229118299865
CT1,C.T. Chilina,2019,6,201906,26.213820617675783
CT3,C.T. Mollendo,2019,6,201906,0.0
CT2,C.T. Pisco,2019,6,201906,0.0
CH1,Charcani I,2019,6,201906,1199.6497713184356
CH2,Charcani II,2019,6,201906,405.4037246170044
CH3,Charcani III,2019,6,201906,3239.9701756095888
CH4,Charcani IV,2019,6,201906,8296.325946376703
CH5,Charcani V,2019,6,201906,51705.769526782264
CH6,Charcani VI,2019,6,201906,4938.694162872314
CT1,C.T. Chilina,2019,7,201907,14.927645499825477
CT3,C.T. Mollendo,2019,7,201907,22.485859857559205
CT2,C.T. Pisco,2019,7,201907,0.0
CH1,Charcani I,2019,7,201907,1214.4943993606566
CH2,Charcani II,2019,7,201907,423.37136547470095
CH3,Charcani III,2019,7,201907,3315.018970264912
CH4,Charcani IV,2019,7,201907,8302.61516358672
CH5,Charcani V,2019,7,201907,52709.71444093901
CH6,Charcani VI,2019,7,201907,5218.038958251953
CT1,C.T. Chilina,2019,8,201908,10.883161726774764
CT3,C.T. Mollendo,2019,8,201908,0.0
CT2,C.T. Pisco,2019,8,201908,0.0
CH1,Charcani I,2019,8,201908,1233.4054938735962
CH2,Charcani II,2019,8,201908,421.5290080089569
CH3,Charcani III,2019,8,201908,3377.7074894542693
CH4,Charcani IV,2019,8,201908,8290.021553566681
CH5,Charcani V,2019,8,201908,54146.048197880315
CH6,Charcani VI,2019,8,201908,5444.540062864304
CT1,C.T. Chilina,2019,9,201909,169.91393774215703
CT3,C.T. Mollendo,2019,9,201909,179.69909651494027
CT2,C.T. Pisco,2019,9,201909,0.0
CH1,Charcani I,2019,9,201909,1162.8326134141685
CH2,Charcani II,2019,9,201909,413.9918142223358
CH3,Charcani III,2019,9,201909,3284.4658989105224
CH4,Charcani IV,2019,9,201909,8357.953171187273
CH5,Charcani V,2019,9,201909,52136.68570962496
CH6,Charcani VI,2019,9,201909,5202.324595153808
CT1,C.T. Chilina,2019,10,201910,32.46616606395681
CT3,C.T. Mollendo,2019,10,201910,0.0
CT2,C.T. Pisco,2019,10,201910,0.0
CH1,Charcani I,2019,10,201910,1217.817471904397
CH2,Charcani II,2019,10,201910,421.20926207307724
CH3,Charcani III,2019,10,201910,3396.742847507
CH4,Charcani IV,2019,10,201910,9505.984430320494
CH5,Charcani V,2019,10,201910,58454.3908517203
CH6,Charcani VI,2019,10,201910,5878.39706320153
CT1,C.T. Chilina,2019,11,201911,0.0
CT3,C.T. Mollendo,2019,11,201911,43.7204820098877
CT2,C.T. Pisco,2019,11,201911,0.0
CH1,Charcani I,2019,11,201911,1208.2760299491883
CH2,Charcani II,2019,11,201911,414.6939730300903
CH3,Charcani III,2019,11,201911,3355.737198059082
CH4,Charcani IV,2019,11,201911,9794.593735290528
CH5,Charcani V,2019,11,201911,60178.4440986948
CH6,Charcani VI,2019,11,201911,6074.616415405273
CT1,C.T. Chilina,2019,12,201912,94.27791244074263
CT3,C.T. Mollendo,2019,12,201912,19.755191876802595
CT2,C.T. Pisco,2019,12,201912,0.0
CH1,Charcani I,2019,12,201912,1230.0418670830727
CH2,Charcani II,2019,12,201912,423.4079232027084
CH3,Charcani III,2019,12,201912,3424.870736316681
CH4,Charcani IV,2019,12,201912,8153.255099365234
CH5,Charcani V,2019,12,201912,56312.45204855171
CH6,Charcani VI,2019,12,201912,5484.607901520729
CT1,C.T. Chilina,2020,1,202001,14.822562119483948
CT3,C.T. Mollendo,2020,1,202001,6.328801177563932
CT2,C.T. Pisco,2020,1,202001,0.0
CH1,Charcani I,2020,1,202001,1225.926967336893
CH2,Charcani II,2020,1,202001,429.3032933654785
CH3,Charcani III,2020,1,202001,3463.021300872803
CH4,Charcani IV,2020,1,202001,10307.390502253056
CH5,Charcani V,2020,1,202001,72064.96493547365
CH6,Charcani VI,2020,1,202001,5346.018346029175
CT1,C.T. Chilina,2020,2,202002,21.476161821875312
CT3,C.T. Mollendo,2020,2,202002,20.403311557769776
CT2,C.T. Pisco,2020,2,202002,0.0
CH1,Charcani I,2020,2,202002,1100.2484706196506
CH2,Charcani II,2020,2,202002,303.46960551324486
CH3,Charcani III,2020,2,202002,3168.7687713699343
CH4,Charcani IV,2020,2,202002,9560.90416867518
CH5,Charcani V,2020,2,202002,83210.96981311035
CH6,Charcani VI,2020,2,202002,5097.854665803101
CT1,C.T. Chilina,2020,3,202003,0.0
CT3,C.T. Mollendo,2020,3,202003,0.9385154809951782
CT2,C.T. Pisco,2020,3,202003,0.0
CH1,Charcani I,2020,3,202003,1199.4271254501343
CH2,Charcani II,2020,3,202003,409.99535281443224
CH3,Charcani III,2020,3,202003,3495.4099975585937
CH4,Charcani IV,2020,3,202003,10412.750909666556
CH5,Charcani V,2020,3,202003,104794.88990677262
CH6,Charcani VI,2020,3,202003,6466.522624193939
CT1,C.T. Chilina,2020,4,202004,0.864037841796875
CT3,C.T. Mollendo,2020,4,202004,0.9506005249023438
CT2,C.T. Pisco,2020,4,202004,0.0
CH1,Charcani I,2020,4,202004,707.3079035086333
CH2,Charcani II,2020,4,202004,238.45527658462524
CH3,Charcani III,2020,4,202004,3328.670480424881
CH4,Charcani IV,2020,4,202004,9980.538943108279
CH5,Charcani V,2020,4,202004,84501.59613954162
CH6,Charcani VI,2020,4,202004,6116.836457590789
CT1,C.T. Chilina,2020,5,202005,0.0
CT3,C.T. Mollendo,2020,5,202005,3.415229449020325
CT2,C.T. Pisco,2020,5,202005,0.0
CH1,Charcani I,2020,5,202005,1055.3094619804322
CH2,Charcani II,2020,5,202005,336.580935036242
CH3,Charcani III,2020,5,202005,3428.6704058227538
CH4,Charcani IV,2020,5,202005,8870.067716436826
CH5,Charcani V,2020,5,202005,54284.20392171764
CH6,Charcani VI,2020,5,202005,5303.739443054199
CT1,C.T. Chilina,2020,6,202006,1.6673937481865868
CT3,C.T. Mollendo,2020,6,202006,0.0
CT2,C.T. Pisco,2020,6,202006,0.0
CH1,Charcani I,2020,6,202006,1187.741846801758
CH2,Charcani II,2020,6,202006,403.4269239415098
CH3,Charcani III,2020,6,202006,3248.248376118779
CH4,Charcani IV,2020,6,202006,8525.998017219543
CH5,Charcani V,2020,6,202006,51697.41428490555
CH6,Charcani VI,2020,6,202006,5094.971386840821
CT1,C.T. Chilina,2020,7,202007,0.0
CT3,C.T. Mollendo,2020,7,202007,3.5564135079628323
CT2,C.T. Pisco,2020,7,202007,0.0
CH1,Charcani I,2020,7,202007,1004.2177078392117
CH2,Charcani II,2020,7,202007,412.18549588409064
CH3,Charcani III,2020,7,202007,3450.9501662380694
CH4,Charcani IV,2020,7,202007,8895.082621669515
CH5,Charcani V,2020,7,202007,53421.48146436739
CH6,Charcani VI,2020,7,202007,5012.995450285778
CT1,C.T. Chilina,2020,8,202008,1.7456691998542664
CT3,C.T. Mollendo,2020,8,202008,0.0
CT2,C.T. Pisco,2020,8,202008,0.0
CH1,Charcani I,2020,8,202008,1206.8928144256583
CH2,Charcani II,2020,8,202008,420.12017872714995
CH3,Charcani III,2020,8,202008,3394.304822715759
CH4,Charcani IV,2020,8,202008,8748.514099778607
CH5,Charcani V,2020,8,202008,53418.25056670976
CH6,Charcani VI,2020,8,202008,4907.64452783797
CT1,C.T. Chilina,2020,9,202009,0.0
CT3,C.T. Mollendo,2020,9,202009,23.77764343863642
CT2,C.T. Pisco,2020,9,202009,0.0
CH1,Charcani I,2020,9,202009,1111.483538032754
CH2,Charcani II,2020,9,202009,395.994620597899
CH3,Charcani III,2020,9,202009,3296.304037352562
CH4,Charcani IV,2020,9,202009,8840.9316548437
CH5,Charcani V,2020,9,202009,54712.470789159896
CH6,Charcani VI,2020,9,202009,5193.132143658107
CT1,C.T. Chilina,2020,10,202010,30.390712244478063
CT3,C.T. Mollendo,2020,10,202010,20.597472862243652
CT2,C.T. Pisco,2020,10,202010,0.0
CH1,Charcani I,2020,10,202010,1169.0797572174072
CH2,Charcani II,2020,10,202010,392.21372701495886
CH3,Charcani III,2020,10,202010,3428.503410402298
CH4,Charcani IV,2020,10,202010,9451.279798574285
CH5,Charcani V,2020,10,202010,58131.60408630764
CH6,Charcani VI,2020,10,202010,5656.703526977539
CT1,C.T. Chilina,2020,11,202011,28.2739728474468
CT3,C.T. Mollendo,2020,11,202011,22.130573420044968
CT2,C.T. Pisco,2020,11,202011,0.0
CH1,Charcani I,2020,11,202011,1172.7716878967285
CH2,Charcani II,2020,11,202011,409.3911807214022
CH3,Charcani III,2020,11,202011,3348.204432220459
CH4,Charcani IV,2020,11,202011,8938.996732959076
CH5,Charcani V,2020,11,202011,55439.23922912219
CH6,Charcani VI,2020,11,202011,5315.729609871516
CT1,C.T. Chilina,2020,12,202012,4.373991587644392
CT3,C.T. Mollendo,2020,12,202012,23.76341360473633
CT2,C.T. Pisco,2020,12,202012,0.0
CH1,Charcani I,2020,12,202012,1201.6393145847321
CH2,Charcani II,2020,12,202012,418.94184002876284
CH3,Charcani III,2020,12,202012,3394.480826911926
CH4,Charcani IV,2020,12,202012,9403.994409385221
CH5,Charcani V,2020,12,202012,62464.39847874153
CH6,Charcani VI,2020,12,202012,5775.367130358131
CT1,C.T. Chilina,2021,1,202101,0.0
CT3,C.T. Mollendo,2021,1,202101,2.9758904418945313
CT2,C.T. Pisco,2021,1,202101,0.0
CH1,Charcani I,2021,1,202101,1233.102616973877
CH2,Charcani II,2021,1,202101,419.4875256618373
CH3,Charcani III,2021,1,202101,3416.5507712834033
CH4,Charcani IV,2021,1,202101,11080.669155641377
CH5,Charcani V,2021,1,202101,81604.06699156857
CH6,Charcani VI,2021,1,202101,5977.572204283945
CT1,C.T. Chilina,2021,2,202102,6.092919171829533
CT3,C.T. Mollendo,2021,2,202102,0.0
CT2,C.T. Pisco,2021,2,202102,0.0
CH1,Charcani I,2021,2,202102,1097.811806639433
CH2,Charcani II,2021,2,202102,382.3645767021179
CH3,Charcani III,2021,2,202102,3057.35224819088
CH4,Charcani IV,2021,2,202102,9244.196518158496
CH5,Charcani V,2021,2,202102,58450.05629539907
CH6,Charcani VI,2021,2,202102,5336.150289916992
CT1,C.T. Chilina,2021,3,202103,25.8702958984375
CT3,C.T. Mollendo,2021,3,202103,3.6601343352799596
CT2,C.T. Pisco,2021,3,202103,0.0
CH1,Charcani I,2021,3,202103,1179.0509203028678
CH2,Charcani II,2021,3,202103,416.14057712009503
CH3,Charcani III,2021,3,202103,3412.1624729585646
CH4,Charcani IV,2021,3,202103,8516.147492563565
CH5,Charcani V,2021,3,202103,59178.474648029565
CH6,Charcani VI,2021,3,202103,4742.56345721154
CT1,C.T. Chilina,2021,4,202104,18.313200101896545
CT3,C.T. Mollendo,2021,4,202104,0.0
CT2,C.T. Pisco,2021,4,202104,0.0
CH1,Charcani I,2021,4,202104,1184.7244219871425
CH2,Charcani II,2021,4,202104,406.4483225455284
CH3,Charcani III,2021,4,202104,3321.1458732638357
CH4,Charcani IV,2021,4,202104,10519.902336172305
CH5,Charcani V,2021,4,202104,86516.1364994508
CH6,Charcani VI,2021,4,202104,5851.0019576653485
CT1,C.T. Chilina,2021,5,202105,26.078884826660158
CT3,C.T. Mollendo,2021,5,202105,25.838618032796045
CT2,C.T. Pisco,2021,5,202105,0.0
CH1,Charcani I,2021,5,202105,1252.9574702080413
CH2,Charcani II,2021,5,202105,422.5960932664871
CH3,Charcani III,2021,5,202105,3472.1454925231933
CH4,Charcani IV,2021,5,202105,8098.437588789796
CH5,Charcani V,2021,5,202105,53418.91271417254
CH6,Charcani VI,2021,5,202105,5140.348456306458
CT1,C.T. Chilina,2021,6,202106,3.8723168267362054
CT3,C.T. Mollendo,2021,6,202106,0.0
CT2,C.T. Pisco,2021,6,202106,0.0
CH1,Charcani I,2021,6,202106,1180.0157286756269
CH2,Charcani II,2021,6,202106,409.9497942061424
CH3,Charcani III,2021,6,202106,3328.5985520229337
CH4,Charcani IV,2021,6,202106,8454.896980940584
CH5,Charcani V,2021,6,202106,51695.81864498027
CH6,Charcani VI,2021,6,202106,4965.973782077372
CT1,C.T. Chilina,2021,7,202107,12.729358222961427
CT3,C.T. Mollendo,2021,7,202107,56.88305389080961
CT2,C.T. Pisco,2021,7,202107,0.0
CH1,Charcani I,2021,7,202107,1210.7492569425535
CH2,Charcani II,2021,7,202107,424.82105837561375
CH3,Charcani III,2021,7,202107,3443.9152772979737
CH4,Charcani IV,2021,7,202107,8718.571863528987
CH5,Charcani V,2021,7,202107,53378.9693165589
CH6,Charcani VI,2021,7,202107,5124.030455093383
CT1,C.T. Chilina,2021,8,202108,12.954900040004642
CT3,C.T. Mollendo,2021,8,202108,0.0
CT2,C.T. Pisco,2021,8,202108,0.0
CH1,Charcani I,2021,8,202108,1211.6105867347717
CH2,Charcani II,2021,8,202108,429.9535616889074
CH3,Charcani III,2021,8,202108,3401.150575157255
CH4,Charcani IV,2021,8,202108,9912.097831666111
CH5,Charcani V,2021,8,202108,62358.638895465345
CH6,Charcani VI,2021,8,202108,5364.53995445297
CT1,C.T. Chilina,2021,9,202109,27.84548480605943
CT3,C.T. Mollendo,2021,9,202109,49.621064443727924
CT2,C.T. Pisco,2021,9,202109,0.0
CH1,Charcani I,2021,9,202109,1182.234948726654
CH2,Charcani II,2021,9,202109,413.35267374262213
CH3,Charcani III,2021,9,202109,3355.334414489746
CH4,Charcani IV,2021,9,202109,9600.511436954499
CH5,Charcani V,2021,9,202109,60310.44591865373
CH6,Charcani VI,2021,9,202109,4879.450516995546
CT1,C.T. Chilina,2021,10,202110,5.918320488798115
CT3,C.T. Mollendo,2021,10,202110,19.142644165039062
CT2,C.T. Pisco,2021,10,202110,0.0
CH1,Charcani I,2021,10,202110,1230.9181626663208
CH2,Charcani II,2021,10,202110,432.96923291563985
CH3,Charcani III,2021,10,202110,3430.0749387454985
CH4,Charcani IV,2021,10,202110,10042.734091144875
CH5,Charcani V,2021,10,202110,62320.54698583984
CH6,Charcani VI,2021,10,202110,4392.6209095322265
CT1,C.T. Chilina,2021,11,202111,0.0
CT3,C.T. Mollendo,2021,11,202111,3.730572856603443
CT2,C.T. Pisco,2021,11,202111,0.0
CH1,Charcani I,2021,11,202111,1020.2672981666323
CH2,Charcani II,2021,11,202111,417.33608965206145
CH3,Charcani III,2021,11,202111,3331.0571288337705
CH4,Charcani IV,2021,11,202111,9709.360869953362
CH5,Charcani V,2021,11,202111,60309.03260318109
CH6,Charcani VI,2021,11,202111,5794.016776566002
CT1,C.T. Chilina,2021,12,202112,33.7518775
CT3,C.T. Mollendo,2021,12,202112,20.0003775
CT2,C.T. Pisco,2021,12,202112,0.0
CH1,Charcani I,2021,12,202112,1186.9236830627444
CH2,Charcani II,2021,12,202112,426.68924250000003
CH3,Charcani III,2021,12,202112,3436.271659999999
CH4,Charcani IV,2021,12,202112,8460.980222500002
CH5,Charcani V,2021,12,202112,62667.34300249999
CH6,Charcani VI,2021,12,202112,6008.497997499989
CT1,C.T. Chilina,2022,1,202201,12.681230949401856
CT3,C.T. Mollendo,2022,1,202201,26.440005121559718
CT2,C.T. Pisco,2022,1,202201,0.0
CH1,Charcani I,2022,1,202201,1219.8471556892396
CH2,Charcani II,2022,1,202201,422.6216795533863
CH3,Charcani III,2022,1,202201,3431.738357444763
CH4,Charcani IV,2022,1,202201,9093.871881259098
CH5,Charcani V,2022,1,202201,58946.728492378235
CH6,Charcani VI,2022,1,202201,5455.149161216428
CT1,C.T. Chilina,2022,2,202202,5.758344649342958
CT3,C.T. Mollendo,2022,2,202202,20.246059967041017
CT2,C.T. Pisco,2022,2,202202,0.0
CH1,Charcani I,2022,2,202202,1089.8719156877994
CH2,Charcani II,2022,2,202202,382.586939861921
CH3,Charcani III,2022,2,202202,2768.895955054283
CH4,Charcani IV,2022,2,202202,7929.593519260136
CH5,Charcani V,2022,2,202202,48966.00706543255
CH6,Charcani VI,2022,2,202202,4612.996153140522
CT1,C.T. Chilina,2022,3,202203,0.0
CT3,C.T. Mollendo,2022,3,202203,31.040768379717456
CT2,C.T. Pisco,2022,3,202203,0.0
CH1,Charcani I,2022,3,202203,1242.9287898085713
CH2,Charcani II,2022,3,202203,420.47582622805555
CH3,Charcani III,2022,3,202203,3462.1425503711102
CH4,Charcani IV,2022,3,202203,10856.677650158415
CH5,Charcani V,2022,3,202203,68879.68249563246
CH6,Charcani VI,2022,3,202203,6358.606590664519
CT1,C.T. Chilina,2022,4,202204,3.752976251556771
CT3,C.T. Mollendo,2022,4,202204,20.142381072998045
CT2,C.T. Pisco,2022,4,202204,0.0
CH1,Charcani I,2022,4,202204,1186.1506827487945
CH2,Charcani II,2022,4,202204,401.03900969815254
CH3,Charcani III,2022,4,202204,3363.0727563171386
CH4,Charcani IV,2022,4,202204,8886.164616953582
CH5,Charcani V,2022,4,202204,55060.96024050379
CH6,Charcani VI,2022,4,202204,4748.685949549141
CT1,C.T. Chilina,2022,5,202205,33.4984787880653
CT3,C.T. Mollendo,2022,5,202205,4.121060182992896
CT2,C.T. Pisco,2022,5,202205,0.0
CH1,Charcani I,2022,5,202205,1229.5714850177765
CH2,Charcani II,2022,5,202205,418.79864213514327
CH3,Charcani III,2022,5,202205,3444.1800070142745
CH4,Charcani IV,2022,5,202205,8722.85003698837
CH5,Charcani V,2022,5,202205,53417.42594802916
CH6,Charcani VI,2022,5,202205,5077.015578338623
CT1,C.T. Chilina,2022,6,202206,25.01638674474364
CT3,C.T. Mollendo,2022,6,202206,18.127805923461914
CT2,C.T. Pisco,2022,6,202206,0.0
CH1,Charcani I,2022,6,202206,1183.4784699847698
CH2,Charcani II,2022,6,202206,400.7950267106295
CH3,Charcani III,2022,6,202206,3302.579235620499
CH4,Charcani IV,2022,6,202206,8412.896414786488
CH5,Charcani V,2022,6,202206,51694.265634819145
CH6,Charcani VI,2022,6,202206,4931.225624572754
CT1,C.T. Chilina,2022,7,202207,11.82016067175381
CT3,C.T. Mollendo,2022,7,202207,71.87264175911571
CT2,C.T. Pisco,2022,7,202207,0.0
CH1,Charcani I,2022,7,202207,1226.2685354881287
CH2,Charcani II,2022,7,202207,418.33885250842036
CH3,Charcani III,2022,7,202207,3441.5638792190553
CH4,Charcani IV,2022,7,202207,8695.631872275453
CH5,Charcani V,2022,7,202207,53423.634291647264
CH6,Charcani VI,2022,7,202207,5058.387876586914
CT1,C.T. Chilina,2022,8,202208,13.134336791992187
CT3,C.T. Mollendo,2022,8,202208,27.771434364318846
CT2,C.T. Pisco,2022,8,202208,0.0
CH1,Charcani I,2022,8,202208,1232.105538105011
CH2,Charcani II,2022,8,202208,419.978995138166
CH3,Charcani III,2022,8,202208,3474.15166715312
CH4,Charcani IV,2022,8,202208,9993.215351422203
CH5,Charcani V,2022,8,202208,62315.440097447296
CH6,Charcani VI,2022,8,202208,5969.9543620693385
CT1,C.T. Chilina,2022,9,202209,203.07300514521006
CT3,C.T. Mollendo,2022,9,202209,277.6066818698237
CT2,C.T. Pisco,2022,9,202209,0.0
CH1,Charcani I,2022,9,202209,1181.603521669111
CH2,Charcani II,2022,9,202209,291.79409789979087
CH3,Charcani III,2022,9,202209,3323.06683675766
CH4,Charcani IV,2022,9,202209,9705.657354248047
CH5,Charcani V,2022,9,202209,60310.26326600883
CH6,Charcani VI,2022,9,202209,4720.816037704168
CT1,C.T. Chilina,2022,10,202210,111.96729423339455
CT3,C.T. Mollendo,2022,10,202210,32.97790129852295
CT2,C.T. Pisco,2022,10,202210,0.0
CH1,Charcani I,2022,10,202210,1186.1793702008724
CH2,Charcani II,2022,10,202210,404.4577212391096
CH3,Charcani III,2022,10,202210,3444.658804145813
CH4,Charcani IV,2022,10,202210,10025.184908800356
CH5,Charcani V,2022,10,202210,62320.714779315516
CH6,Charcani VI,2022,10,202210,6058.040120786591
CT1,C.T. Chilina,2022,11,202211,1048.2632499115753
CT3,C.T. Mollendo,2022,11,202211,1995.8380058114876
CT2,C.T. Pisco,2022,11,202211,0.0
CH1,Charcani I,2022,11,202211,1159.488634941101
CH2,Charcani II,2022,11,202211,387.1768539070707
CH3,Charcani III,2022,11,202211,3257.1128826279937
CH4,Charcani IV,2022,11,202211,8028.281072042778
CH5,Charcani V,2022,11,202211,58454.157824913265
CH6,Charcani VI,2022,11,202211,5787.366478210449
CT1,C.T. Chilina,2022,12,202212,3.474499954223633
CT3,C.T. Mollendo,2022,12,202212,217.18909655761718
CT2,C.T. Pisco,2022,12,202212,0.0
CH1,Charcani I,2022,12,202212,1236.5355965881347
CH2,Charcani II,2022,12,202212,417.1621555557251
CH3,Charcani III,2022,12,202212,3475.523798095703
CH4,Charcani IV,2022,12,202212,8284.20349553624
CH5,Charcani V,2022,12,202212,57929.58762750077
CH6,Charcani VI,2022,12,202212,5808.831887115479
CT1,C.T. Chilina,2023,1,202301,0.0
CT3,C.T. Mollendo,2023,1,202301,6.882715797424316
CT2,C.T. Pisco,2023,1,202301,0.0
CH1,Charcani I,2023,1,202301,1194.446903396368
CH2,Charcani II,2023,1,202301,405.86165688506117
CH3,Charcani III,2023,1,202301,3389.7700146369934
CH4,Charcani IV,2023,1,202301,7831.582619101589
CH5,Charcani V,2023,1,202301,47588.120200066835
CH6,Charcani VI,2023,1,202301,4710.84704317959
CT1,C.T. Chilina,2023,2,202302,38.12603836759925
CT3,C.T. Mollendo,2023,2,202302,0.0
CT2,C.T. Pisco,2023,2,202302,0.0
CH1,Charcani I,2023,2,202302,1075.6569370117188
CH2,Charcani II,2023,2,202302,295.435346701622
CH3,Charcani III,2023,2,202302,3115.78030758667
CH4,Charcani IV,2023,2,202302,8517.507260272849
CH5,Charcani V,2023,2,202302,72665.76257047874
CH6,Charcani VI,2023,2,202302,5117.809619241772
CT1,C.T. Chilina,2023,3,202303,73.2856877190062
CT3,C.T. Mollendo,2023,3,202303,13.99806033706665
CT2,C.T. Pisco,2023,3,202303,0.0
CH1,Charcani I,2023,3,202303,1137.1334897511006
CH2,Charcani II,2023,3,202303,409.80223843860625
CH3,Charcani III,2023,3,202303,3268.8079862670897
CH4,Charcani IV,2023,3,202303,7427.713038383875
CH5,Charcani V,2023,3,202303,50925.03405307913
CH6,Charcani VI,2023,3,202303,4216.653579998396
CT1,C.T. Chilina,2023,4,202304,6.360825499534607
CT3,C.T. Mollendo,2023,4,202304,18.361243766784668
CT2,C.T. Pisco,2023,4,202304,0.0
CH1,Charcani I,2023,4,202304,1017.4892621564865
CH2,Charcani II,2023,4,202304,382.7306782363729
CH3,Charcani III,2023,4,202304,2928.550473397255
CH4,Charcani IV,2023,4,202304,6267.532547263593
CH5,Charcani V,2023,4,202304,42144.701305800976
CH6,Charcani VI,2023,4,202304,3453.4059257834406
CT1,C.T. Chilina,2023,5,202305,33.70281828403473
CT3,C.T. Mollendo,2023,5,202305,67.28650751399994
CT2,C.T. Pisco,2023,5,202305,0.0
CH1,Charcani I,2023,5,202305,1178.1628006150722
CH2,Charcani II,2023,5,202305,401.77536577796934
CH3,Charcani III,2023,5,202305,3360.2012943115233
CH4,Charcani IV,2023,5,202305,7515.806728486024
CH5,Charcani V,2023,5,202305,46569.50343950945
CH6,Charcani VI,2023,5,202305,4297.201903368723
CT1,C.T. Chilina,2023,6,202306,45.14668289375305
CT3,C.T. Mollendo,2023,6,202306,39.736601486206055
CT2,C.T. Pisco,2023,6,202306,0.0
CH1,Charcani I,2023,6,202306,1098.1840960661016
CH2,Charcani II,2023,6,202306,388.1133429173949
CH3,Charcani III,2023,6,202306,3212.2527008285524
CH4,Charcani IV,2023,6,202306,7180.802787809309
CH5,Charcani V,2023,6,202306,45232.51678002644
CH6,Charcani VI,2023,6,202306,4182.5354675244835
CT1,C.T. Chilina,2023,7,202307,194.91401211166382
CT3,C.T. Mollendo,2023,7,202307,262.1467111320496
CT2,C.T. Pisco,2023,7,202307,0.0
CH1,Charcani I,2023,7,202307,1145.8343172607422
CH2,Charcani II,2023,7,202307,414.88891276741026
CH3,Charcani III,2023,7,202307,3321.3284190826416
CH4,Charcani IV,2023,7,202307,7316.358499089068
CH5,Charcani V,2023,7,202307,46296.20756037997
CH6,Charcani VI,2023,7,202307,4093.678548696931
CT1,C.T. Chilina,2023,8,202308,270.26142828103093
CT3,C.T. Mollendo,2023,8,202308,316.9826674412619
CT2,C.T. Pisco,2023,8,202308,0.0
CH1,Charcani I,2023,8,202308,1167.1176105632783
CH2,Charcani II,2023,8,202308,411.25745244812964
CH3,Charcani III,2023,8,202308,3310.2240399010702
CH4,Charcani IV,2023,8,202308,7645.333382727189
CH5,Charcani V,2023,8,202308,47257.456017541226
CH6,Charcani VI,2023,8,202308,4477.763407287598
CT1,C.T. Chilina,2023,9,202309,0.6557055692315334
CT3,C.T. Mollendo,2023,9,202309,65.40424746322597
CT2,C.T. Pisco,2023,9,202309,0.0
CH1,Charcani I,2023,9,202309,1173.2548820304871
CH2,Charcani II,2023,9,202309,400.918444709301
CH3,Charcani III,2023,9,202309,3351.7143675842285
CH4,Charcani IV,2023,9,202309,8103.881632766724
CH5,Charcani V,2023,9,202309,49541.586102058136
CH6,Charcani VI,2023,9,202309,4808.681026820647
CT1,C.T. Chilina,2023,10,202310,13.63506894159317
CT3,C.T. Mollendo,2023,10,202310,0.0
CT2,C.T. Pisco,2023,10,202310,0.0
CH1,Charcani I,2023,10,202310,1114.965656416416
CH2,Charcani II,2023,10,202310,408.92698566252744
CH3,Charcani III,2023,10,202310,3185.72044679147
CH4,Charcani IV,2023,10,202310,8294.029963882223
CH5,Charcani V,2023,10,202310,51191.30597361213
CH6,Charcani VI,2023,10,202310,3776.149772275617
CT1,C.T. Chilina,2023,11,202311,39.41859320783615
CT3,C.T. Mollendo,2023,11,202311,451.2079815788269
CT2,C.T. Pisco,2023,11,202311,0.0
CH1,Charcani I,2023,11,202311,1096.327081031829
CH2,Charcani II,2023,11,202311,376.0848937975676
CH3,Charcani III,2023,11,202311,3158.8437534677983
CH4,Charcani IV,2023,11,202311,8176.428595851385
CH5,Charcani V,2023,11,202311,50832.2883584758
CH6,Charcani VI,2023,11,202311,4978.424437744141
CT1,C.T. Chilina,2023,12,202312,1.7076840209960937
CT3,C.T. Mollendo,2023,12,202312,0.0
CT2,C.T. Pisco,2023,12,202312,0.0
CH1,Charcani I,2023,12,202312,1159.8508466930389
CH2,Charcani II,2023,12,202312,415.13607842161645
CH3,Charcani III,2023,12,202312,3436.8137113342286
CH4,Charcani IV,2023,12,202312,7624.195675854898
CH5,Charcani V,2023,12,202312,48076.08520096034
CH6,Charcani VI,2023,12,202312,4392.200375701905
CT1,C.T. Chilina,2024,1,202401,10.345421070098878
CT3,C.T. Mollendo,2024,1,202401,24.784779594421387
CT2,C.T. Pisco,2024,1,202401,0.0
CH1,Charcani I,2024,1,202401,926.9749540457725
CH2,Charcani II,2024,1,202401,402.870262936926
CH3,Charcani III,2024,1,202401,2802.6901195259093
CH4,Charcani IV,2024,1,202401,5668.9583052101425
CH5,Charcani V,2024,1,202401,39618.48283323039
CH6,Charcani VI,2024,1,202401,3421.4184920940397
CT1,C.T. Chilina,2024,2,202402,14.864288920044899
CT3,C.T. Mollendo,2024,2,202402,44.226588143477684
CT2,C.T. Pisco,2024,2,202402,0.0
CH1,Charcani I,2024,2,202402,461.40711146468215
CH2,Charcani II,2024,2,202402,208.3051588817085
CH3,Charcani III,2024,2,202402,1599.6715765838605
CH4,Charcani IV,2024,2,202402,4589.558762572838
CH5,Charcani V,2024,2,202402,39102.11613838875
CH6,Charcani VI,2024,2,202402,2501.181369899367
CT1,C.T. Chilina,2024,3,202403,38.062149368286136
CT3,C.T. Mollendo,2024,3,202403,0.0
CT2,C.T. Pisco,2024,3,202403,0.0
CH1,Charcani I,2024,3,202403,828.9504613457841
CH2,Charcani II,2024,3,202403,349.3779872952965
CH3,Charcani III,2024,3,202403,2343.285322016731
CH4,Charcani IV,2024,3,202403,10368.599402813437
CH5,Charcani V,2024,3,202403,105491.26078385663
CH6,Charcani VI,2024,3,202403,6048.9545388031
CT1,C.T. Chilina,2024,4,202404,27.024448607765137
CT3,C.T. Mollendo,2024,4,202404,26.1808590965271
CT2,C.T. Pisco,2024,4,202404,0.0
CH1,Charcani I,2024,4,202404,1171.7400253601074
CH2,Charcani II,2024,4,202404,384.88266591119765
CH3,Charcani III,2024,4,202404,3186.261717338562
CH4,Charcani IV,2024,4,202404,9478.330318315457
CH5,Charcani V,2024,4,202404,80526.83071484399
CH6,Charcani VI,2024,4,202404,5559.314373636245
CT1,C.T. Chilina,2024,5,202405,16.660364700317384
CT3,C.T. Mollendo,2024,5,202405,0.0
CT2,C.T. Pisco,2024,5,202405,0.0
CH1,Charcani I,2024,5,202405,1116.3305110563338
CH2,Charcani II,2024,5,202405,399.46322554445265
CH3,Charcani III,2024,5,202405,3320.8418933486937
CH4,Charcani IV,2024,5,202405,7684.071753362277
CH5,Charcani V,2024,5,202405,50251.07763166441
CH6,Charcani VI,2024,5,202405,4620.746581307834
CT1,C.T. Chilina,2024,6,202406,34.539371302311835
CT3,C.T. Mollendo,2024,6,202406,33.36839559173584
CT2,C.T. Pisco,2024,6,202406,0.0
CH1,Charcani I,2024,6,202406,1041.0903302083016
CH2,Charcani II,2024,6,202406,398.1997900333954
CH3,Charcani III,2024,6,202406,2971.2549195591064
CH4,Charcani IV,2024,6,202406,7876.124015402647
CH5,Charcani V,2024,6,202406,49541.40580502993
CH6,Charcani VI,2024,6,202406,4738.568989053016
CT1,C.T. Chilina,2024,7,202407,14.9252216796875
CT3,C.T. Mollendo,2024,7,202407,61.66110318517685
CT2,C.T. Pisco,2024,7,202407,0.0
CH1,Charcani I,2024,7,202407,1186.2565118484497
CH2,Charcani II,2024,7,202407,425.59572734451297
CH3,Charcani III,2024,7,202407,3459.302430114746
CH4,Charcani IV,2024,7,202407,8639.929543676688
CH5,Charcani V,2024,7,202407,52971.106137058916
CH6,Charcani VI,2024,7,202407,5138.6642664544715
CT1,C.T. Chilina,2024,8,202408,15.538585400104523
CT3,C.T. Mollendo,2024,8,202408,7.239635375976563
CT2,C.T. Pisco,2024,8,202408,0.0
CH1,Charcani I,2024,8,202408,1200.15392455101
CH2,Charcani II,2024,8,202408,412.96571056716573
CH3,Charcani III,2024,8,202408,3396.7827389217614
CH4,Charcani IV,2024,8,202408,9217.096954021454
CH5,Charcani V,2024,8,202408,56533.41163185948
CH6,Charcani VI,2024,8,202408,4264.153884270886
CT1,C.T. Chilina,2024,9,202409,29.915137702941895
CT3,C.T. Mollendo,2024,9,202409,81.53948782348633
CT2,C.T. Pisco,2024,9,202409,0.0
CH1,Charcani I,2024,9,202409,1105.6230203217976
CH2,Charcani II,2024,9,202409,391.0158058863729
CH3,Charcani III,2024,9,202409,3239.1046255743504
CH4,Charcani IV,2024,9,202409,8732.804978213995
CH5,Charcani V,2024,9,202409,54709.92538415557
CH6,Charcani VI,2024,9,202409,0.0
CT1,C.T. Chilina,2024,10,202410,31.13408396434784
CT3,C.T. Mollendo,2024,10,202410,29.829780141353606
CT2,C.T. Pisco,2024,10,202410,0.0
CH1,Charcani I,2024,10,202410,1144.318103322506
CH2,Charcani II,2024,10,202410,412.73237714993303
CH3,Charcani III,2024,10,202410,3402.5594845657347
CH4,Charcani IV,2024,10,202410,9208.287919403456
CH5,Charcani V,2024,10,202410,56977.63129099211
CH6,Charcani VI,2024,10,202410,0.0
CT1,C.T. Chilina,2024,11,202411,0.0
CT3,C.T. Mollendo,2024,11,202411,20.30673850250244
CT2,C.T. Pisco,2024,11,202411,0.0
CH1,Charcani I,2024,11,202411,1085.3382751868014
CH2,Charcani II,2024,11,202411,292.59651954185284
CH3,Charcani III,2024,11,202411,3278.7132661345004
CH4,Charcani IV,2024,11,202411,8386.307308423822
CH5,Charcani V,2024,11,202411,55139.52137668473
CH6,Charcani VI,2024,11,202411,0.0
CT1,C.T. Chilina,2024,12,202412,65.6333069152832
CT3,C.T. Mollendo,2024,12,202412,19.583155891418457
CT2,C.T. Pisco,2024,12,202412,0.0
CH1,Charcani I,2024,12,202412,1127.0000595328809
CH2,Charcani II,2024,12,202412,404.87908196288515
CH3,Charcani III,2024,12,202412,3409.234796195984
CH4,Charcani IV,2024,12,202412,4831.89068223989
CH5,Charcani V,2024,12,202412,56533.69140232849
CH6,Charcani VI,2024,12,202412,3043.593948041289
CT1,C.T. Chilina,2025,1,202501,21.934811414718627
CT3,C.T. Mollendo,2025,1,202501,0.0
CT2,C.T. Pisco,2025,1,202501,0.0
CH1,Charcani I,2025,1,202501,1071.4801257123947
CH2,Charcani II,2025,1,202501,404.0744608347416
CH3,Charcani III,2025,1,202501,3247.143641681671
CH4,Charcani IV,2025,1,202501,4544.381862929187
CH5,Charcani V,2025,1,202501,48993.449982387545
CH6,Charcani VI,2025,1,202501,4376.235995530484
CT1,C.T. Chilina,2025,2,202502,19.131363072872162
CT3,C.T. Mollendo,2025,2,202502,63.724881828308106
CT2,C.T. Pisco,2025,2,202502,0.0
CH1,Charcani I,2025,2,202502,641.4835434314789
CH2,Charcani II,2025,2,202502,240.09358940844595
CH3,Charcani III,2025,2,202502,1937.0824618477523
CH4,Charcani IV,2025,2,202502,268.00553014386804
CH5,Charcani V,2025,2,202502,73638.4455483861
CH6,Charcani VI,2025,2,202502,2624.482472368941
CT1,C.T. Chilina,2025,3,202503,0.0
CT3,C.T. Mollendo,2025,3,202503,86.595364361763
CT2,C.T. Pisco,2025,3,202503,0.0
CH1,Charcani I,2025,3,202503,1070.9441155992747
CH2,Charcani II,2025,3,202503,307.6851254018356
CH3,Charcani III,2025,3,202503,3152.9510521995426
CH4,Charcani IV,2025,3,202503,4915.627398655081
CH5,Charcani V,2025,3,202503,103348.24450420434
CH6,Charcani VI,2025,3,202503,5180.7431619915
CT1,C.T. Chilina,2025,4,202504,32.036662517547605
CT3,C.T. Mollendo,2025,4,202504,0.0
CT2,C.T. Pisco,2025,4,202504,0.0
CH1,Charcani I,2025,4,202504,1112.831780352499
CH2,Charcani II,2025,4,202504,289.8929966659603
CH3,Charcani III,2025,4,202504,3217.727685951829
CH4,Charcani IV,2025,4,202504,7198.528393291218
CH5,Charcani V,2025,4,202504,89778.4122163919
CH6,Charcani VI,2025,4,202504,5434.707119384821
CT1,C.T. Chilina,2025,5,202505,63.17040810394287
CT3,C.T. Mollendo,2025,5,202505,43.47667914581299
CT2,C.T. Pisco,2025,5,202505,0.0
CH1,Charcani I,2025,5,202505,1111.4552526048421
CH2,Charcani II,2025,5,202505,401.2181855133474
CH3,Charcani III,2025,5,202505,3250.2231558488606
CH4,Charcani IV,2025,5,202505,8175.105960348187
CH5,Charcani V,2025,5,202505,55201.79348704387
CH6,Charcani VI,2025,5,202505,1040.3780395913125
CT1,C.T. Chilina,2025,6,202506,18.835031382493675
CT3,C.T. Mollendo,2025,6,202506,19.874380126953124
CT2,C.T. Pisco,2025,6,202506,0.0
CH1,Charcani I,2025,6,202506,1179.1163690490723
CH2,Charcani II,2025,6,202506,392.7316677522646
CH3,Charcani III,2025,6,202506,3316.919874694824
CH4,Charcani IV,2025,6,202506,8617.993868129402
CH5,Charcani V,2025,6,202506,54628.248451390864
CH6,Charcani VI,2025,6,202506,0.0
CT1,C.T. Chilina,2025,7,202507,8.62053450208524
CT3,C.T. Mollendo,2025,7,202507,28.22788847669329
CT2,C.T. Pisco,2025,7,202507,0.0
CH1,Charcani I,2025,7,202507,1227.395210783336
CH2,Charcani II,2025,7,202507,412.3630976821192
CH3,Charcani III,2025,7,202507,3342.7577209835054
CH4,Charcani IV,2025,7,202507,8899.995884415835
CH5,Charcani V,2025,7,202507,55641.34794433024
CH6,Charcani VI,2025,7,202507,0.0
CT1,C.T. Chilina,2025,8,202508,8.793321633070708
CT3,C.T. Mollendo,2025,8,202508,20.7254135119915
CT2,C.T. Pisco,2025,8,202508,0.0
CH1,Charcani I,2025,8,202508,1234.0160851449966
CH2,Charcani II,2025,8,202508,415.9599274068164
CH3,Charcani III,2025,8,202508,3460.353835102081
CH4,Charcani IV,2025,8,202508,9125.214267813328
CH5,Charcani V,2025,8,202508,57478.526284375264
CH6,Charcani VI,2025,8,202508,0.0
CT1,C.T. Chilina,2025,9,202509,182.99533120250703
CT3,C.T. Mollendo,2025,9,202509,210.7902066104412
CT2,C.T. Pisco,2025,9,202509,0.0
CH1,Charcani I,2025,9,202509,1098.9526686256986
CH2,Charcani II,2025,9,202509,397.44116822347047
CH3,Charcani III,2025,9,202509,3253.466792140007
CH4,Charcani IV,2025,9,202509,9020.468833935347
CH5,Charcani V,2025,9,202509,58425.00106225139
CH6,Charcani VI,2025,9,202509,0.0
CT1,C.T. Chilina,2025,10,202510,0.0
CT3,C.T. Mollendo,2025,10,202510,0.0
CT2,C.T. Pisco,2025,10,202510,0.0
CH1,Charcani I,2025,10,202510,1196.4329496154785
CH2,Charcani II,2025,10,202510,414.9653686955183
CH3,Charcani III,2025,10,202510,3469.1438617248537
CH4,Charcani IV,2025,10,202510,9029.901354955657
CH5,Charcani V,2025,10,202510,58873.805630592586
CH6,Charcani VI,2025,10,202510,0.0
CT1,C.T. Chilina,2025,11,202511,0.0
CT3,C.T. Mollendo,2025,11,202511,18.5411636428833
CT2,C.T. Pisco,2025,11,202511,0.0
CH1,Charcani I,2025,11,202511,1109.5140981475115
CH2,Charcani II,2025,11,202511,397.44756723966833
CH3,Charcani III,2025,11,202511,3236.668688128233
CH4,Charcani IV,2025,11,202511,8811.321213162973
CH5,Charcani V,2025,11,202511,56862.1631042383
CH6,Charcani VI,2025,11,202511,0.0
CT1,C.T. Chilina,2025,12,202512,
CT3,C.T. Mollendo,2025,12,202512,
CT2,C.T. Pisco,2025,12,202512,
CH1,Charcani I,2025,12,202512,
CH2,Charcani II,2025,12,202512,
CH3,Charcani III,2025,12,202512,
CH4,Charcani IV,2025,12,202512,
CH5,Charcani V,2025,12,202512,
CH6,Charcani VI,2025,12,202512,
